0,1,1,1,0,0
0,1,1,1,0.012374627,0
0,1,1,1,0.070957317,0
0,1,1,1,0.021674087,0
0,1,1,1,0.044127813,0
0,1,1,1,0.021263901,0
0,1,1,1,0.004185058,0
0,1,1,1,0.002189641,0
0,1,1,1,0.006169497,0
0,1,1,1,0.009575132,0
0,1,1,1,0.013115486,0
0,1,1,1,0.032524295,0
0,1,1,1,0.075890738,0
0,1,1,1,0.079839688,0
0,1,1,1,0.086104054,0
0,1,1,1,0.007876252,0
1,0.030605114,0.155606299,0.014146198,0.027257226,1
1,0.030869613,0.177890843,0.023842838,0.005967956,1
1,0.029649818,0.248039558,0.077737059,0.023865677,0
1,0.026116373,0.295838435,0.051141313,0.02665099,0
1,0.028892106,0.305618099,0.010463527,0.0395152,0
1,0.02754896,0.303833325,0.001909577,0.009284594,0
1,0.030263434,0.307253651,0.003659499,0.030167532,0
0,1,1,1,0.012912483,0
0,1,1,1,0.009430982,0
0,1,1,1,0.001327123,0
0,1,1,1,0.020547801,0
0,1,1,1,0.032479137,0
0,1,1,1,0.061144555,0
0,1,1,1,0.060459808,0
0,1,1,1,0.030682099,0
0,1,1,1,0.02341661,0
1,0.052213005,0.085306938,0.050283148,0.019818174,1
1,0.050951356,0.437171898,0.376469846,0.008144976,1
1,0.048880067,0.436341676,0.000888277,0.020245576,1
1,0.05095282,0.050391151,0.382815777,0.016608197,0
1,0.04908378,0.069579137,0.020529746,0.016211678,0
1,0.049463947,0.152528512,0.088749782,0.009985321,0
1,0.049118521,0.18645894,0.036303083,0.002098366,0
0,1,1,1,0.015842315,0
0,1,1,1,0.000442374,0
0,1,1,1,0.014269574,0
0,1,1,1,0.027100621,0
0,1,1,1,0.027199729,0
0,1,1,1,0.075669296,0
0,1,1,1,0.148228422,0
0,1,1,1,0.300218888,0
0,1,1,1,0.263242486,0
0,1,1,1,0.023297217,0
1,0.016261696,0.058772215,0.011921241,0.005480802,0
1,0.015676632,0.066505115,0.003739444,0.006576368,0
1,0.016392138,0.063533535,0.003179374,0.008264235,0
1,0.015177852,0.034988699,0.030540892,0.016687543,0
1,0.015550802,0.251998801,0.221967648,0,0
1,0.014420501,0.349470199,0.093903164,0.00430037,0
1,0.015202782,0.406349942,0.048038535,0.007999518,0
1,0.015644078,0.569951024,0.133115436,0.006759793,0
1,0.015001882,0.565643494,0.001759765,0.002402708,0
1,0.015111795,0.561503454,0.00164806,0.002298645,0
1,0.015300987,0.557561574,0.001524106,0.002211872,0
1,0.015457622,0.553850817,0.001387243,0.002521922,0
1,0.01971339,0.550405797,0.001238943,0.002402708,0
1,0.017192877,0.551063515,0.00070371,0.014214611,0
1,0.016804647,0.551472471,0.000437553,0.004774775,0
1,0.014085008,0.544068599,0.007921603,0.007057223,0
0,1,1,1,0.031907737,0
0,1,1,1,0.362062948,0
0,1,1,1,0.375646694,0
0,1,1,1,0.224368424,0
0,1,1,1,0.1179747,0
0,1,1,1,0.050557604,0
0,1,1,1,0.025860935,0
0,1,1,1,0.050557604,0
0,1,1,1,0.034817139,0
0,1,1,1,0.124999529,0
0,1,1,1,0.091842501,0
1,0.025899441,0.082419141,0.021633123,0.020182649,1
1,0.02468074,0.066559053,0.016969138,0.009837236,1
1,0.024383992,0.080661103,0.015088165,0.006456241,1
0,1,1,1,0,0
0,1,1,1,0.145707802,0
0,1,1,1,0.119998888,0
0,1,1,1,0.123840727,0
0,1,1,1,0.431264074,0
0,1,1,1,0.23027806,0
0,1,1,1,0.337066335,0
0,1,1,1,0.122864652,0
0,1,1,1,0.257952624,0
0,1,1,1,0.083460581,0
0,1,1,1,0.007732066,0
0,1,1,1,0.048691333,0
0,1,1,1,0.402489085,0
0,1,1,1,0.156537406,0
0,1,1,1,0.19569354,0
0,1,1,1,0.086715532,0
1,0.061368883,0.081403267,0.056781935,0.017931174,1
1,0.061521213,0.092725005,0.012113433,0.009717143,1
1,0.061495832,0.106031135,0.014236589,0.013070647,1
1,0.060524738,0.144444383,0.041099374,0.013033163,1
1,0.062907212,0.302090623,0.16866998,0.016163321,1
1,0.061714742,0.325959688,0.025538158,0.010658377,1
1,0.060140639,0.35260129,0.017820327,0.010717883,0
1,0.026764307,0.042097013,0.00321342,0.011112317,0
1,0.027276588,0.03467352,0.004962603,0.007539855,0
1,0.027338062,0.037212951,0.002717005,0.005918566,0
1,0.026541811,0.045868027,0.0092603,0.007389109,0
1,0.024644622,0.039661235,0.006640814,0.009621007,0
1,0.02788093,0.238478892,0.161695228,0.010491829,0
1,0.03098329,0.449904683,0.220593124,0.005959753,0
1,0.031482722,0.450022013,0.000125534,0.009539298,0
1,0.031365917,0.400178939,0.037359545,0.012710086,0
0,1,1,1,0.014618448,0
0,1,1,1,0.012311208,0
0,1,1,1,0.023435406,0
0,1,1,1,0.005673785,0
0,1,1,1,0.058485505,0
0,1,1,1,0.059963352,0
0,1,1,1,0.021206303,0
0,1,1,1,0.276833057,0
0,1,1,1,0.129718693,0
0,1,1,1,0.320628046,0
0,1,1,1,0.022783354,0
1,0.110134519,0.207455674,0.020876295,0.03571334,1
1,0.109159357,0.201376233,0.006504558,0.030575078,1
1,0.10770413,0.213198369,0.012648823,0.008252387,1
1,0.10217482,0.203682278,0.010181524,0.041680728,1
1,0.107629953,0.210636815,0.007440848,0.043761536,1
1,0.093907148,0.142571507,0.008594547,0.01259408,1
1,0.031148601,0.179352606,0.042066369,0.168688257,1
1,0.06621488,0.180859684,0.043699155,0.117219191,1
1,0.09261847,0.161404021,0.02081614,0.054814272,1
1,0.090626161,0.130898102,0.032639109,0.028058534,1
1,0.020135896,0.032941004,0.00682351,0.060871099,0
1,0.03704839,0.040477486,0.008063487,0.104408317,0
1,0.030697793,0.037246702,0.003456703,0.032582907,0
1,0.024242976,0.037194689,5.57E-05,0.035754414,0
1,0.041008513,0.006744178,0.032579826,0.035754414,0
1,0.060524645,0.201984854,0.031571313,0.035754414,0
1,0.04263197,0.075395154,0.189170035,0.017528299,0
1,0.046449054,0,0.080667317,0.153443656,0
1,0.054005493,0,0,0.055186978,0
1,0.036763409,0,0.017394662,0.053666046,0
1,0.028878957,0.369275384,0.395097731,0.007751025,0
1,0.069956447,0.313395769,0.052370001,0.015040728,0
1,0.063364694,0.190475767,0.117041562,0.007559296,0
1,0.035450904,0.045144524,0.155156086,0.137940315,0
1,0.039099079,0.456732924,0.440369573,0.087765335,0
1,0.038852958,0.397945415,0.161127147,0.035504505,0
1,0.035030596,0.429129896,0.032952927,0.03142571,0
1,0.03267811,0.485425613,0.060232312,0.050061652,0
1,0.036724676,0.723893177,0.031262377,0.018405113,0
0,1,1,1,0.0318924,0
0,1,1,1,0.008913596,0
0,1,1,1,0.145029992,0
0,1,1,1,0.031000944,0
0,1,1,1,0.013465196,0
0,1,1,1,0,0
0,1,1,1,0.018094139,0
0,1,1,1,0.073454129,0
0,1,1,1,0.081806372,0
0,1,1,1,0.085553418,0
0,1,1,1,0.085553418,0
0,1,1,1,0.094918428,0
0,1,1,1,0.121009404,0
0,1,1,1,0.039382501,0
0,1,1,1,0.062097292,0
0,1,1,1,0.055741803,0
0,1,1,1,0.062097292,0
0,1,1,1,0.215620409,0
0,1,1,1,0.331711315,0
0,1,1,1,0.331711315,0
0,1,1,1,0.010626197,0
0,1,1,1,0.018569188,0
0,1,1,1,0.035765359,0
0,1,1,1,0.033487769,0
0,1,1,1,0.025904409,0
0,1,1,1,0.134663945,0
0,1,1,1,0.527088454,0
0,1,1,1,0.25392462,0
0,1,1,1,0.196969888,0
0,1,1,1,0.055384317,0
0,1,1,1,0.055384317,0
0,1,1,1,0.053598543,0
0,1,1,1,0.011607586,0
0,1,1,1,0.031136368,0
0,1,1,1,0.053694299,0
0,1,1,1,0.036157171,0
0,1,1,1,0.02673896,0
1,0.299603733,0.005424943,0.026648579,0.013145294,0
1,0.064023701,0.011656178,0.006666967,0.059444647,0
1,0.062127453,0.005778538,0.006288646,0.01020342,0
1,0.064990677,0.000429216,0.005723384,0.026742619,0
0,1,1,1,0.028216758,0
0,1,1,1,0.02393323,0
0,1,1,1,0.124117745,0
0,1,1,1,0.09774872,0
0,1,1,1,0.027035553,0
0,1,1,1,0.076408567,0
0,1,1,1,0.043305265,0
0,1,1,1,0.017081609,0
0,1,1,1,0.025506632,0
0,1,1,1,0.024955953,0
0,1,1,1,0.085002669,0
0,1,1,1,0.015410256,0
1,0.064735585,0.569319413,0.018497762,0.012551276,0
1,0.334541083,0.452348251,0.008178035,0.004629105,0
1,0.0608375,0.569232601,0.011443982,0.012551276,0
1,0.020150824,0.577331802,0.008665554,0.045773457,0
0,1,1,1,0.029003367,0
0,1,1,1,0.007526867,0
0,1,1,1,0.016463222,0
0,1,1,1,0.026817521,0
0,1,1,1,0.010058546,0
0,1,1,1,0.010058546,0
0,1,1,1,0.036695747,0
0,1,1,1,0.00698055,0
0,1,1,1,0.044663383,0
0,1,1,1,0.036864678,0
0,1,1,1,0.182069972,0
0,1,1,1,0.117320985,0
0,1,1,1,0.266232383,0
0,1,1,1,0.266232383,0
0,1,1,1,0.266684425,0
0,1,1,1,0.02229716,0
1,0.064039449,0.158783788,0.130360422,0.045288852,1
1,0.063048063,0.188051497,0.031314313,0.018242244,1
1,0.066315375,0.166797586,0.022740135,0.034796055,1
1,0.061088754,0.146360744,0.02186593,0.010435723,1
1,0.060625268,0.11146311,0.037337924,0.011544191,1
1,0.063247626,0.085156172,0.028146505,0.01945693,1
1,0.064368924,0.092198432,0.007534704,0.02433059,1
1,0.054999393,0.086484957,0.001821789,0.013201003,1
1,0.050812724,0.039339847,0.047504468,0.023799988,1
1,0.05209147,0.019254315,0.00714281,0.006650345,0
1,0.055228764,0.041077993,0.02319163,0.013595367,0
1,0.051989746,0.056390229,0.016382975,0.011369107,0
1,0.054993268,0.089933201,0.031310359,0.006302865,0
1,0.055015504,0.127275532,0.038086463,0.00400587,0
1,0.053074485,0.058466356,0.0736208,0.011454848,0
1,0.0498982,0.424157432,0.391262783,0.035769462,0
1,0.052261436,0.434718924,0.011300026,0.021703411,0
0,1,1,1,0,0
0,1,1,1,0.012840292,0
0,1,1,1,0.191748239,0
0,1,1,1,0.107586137,0
0,1,1,1,0.146715311,0
0,1,1,1,0.146715311,0
0,1,1,1,0.08039538,0
0,1,1,1,0.228881821,0
0,1,1,1,0.477108189,0
0,1,1,1,0.477108189,0
0,1,1,1,0.062638554,0
0,1,1,1,0.0724144,0
0,1,1,1,0.245885545,0
0,1,1,1,0.589410432,0
0,1,1,1,0.260105218,0
0,1,1,1,0.027862562,0
1,0.05789286,0.092357079,0.02530965,0.045529113,1
1,0.055254527,0.085260867,0.007394084,0.020117093,1
1,0.045071956,0.104483877,0.020567219,0.008549393,1
1,0.037704481,0.127718286,0.024859123,0.128474915,1
1,0.042713746,0.111925457,0.008203475,0.014242119,1
1,0.043013129,0.195234318,0.062116734,0.145501159,1
1,0.046902766,0.075693301,0.009407445,0.061390502,1
1,0.036337502,0.10371061,0.086714553,0.199080753,1
1,0.035419194,0.144586416,0.043734131,0.083416018,1
1,0.110322038,0.182746131,0.040828112,0.119315264,1
1,0.091645131,0.180007592,0.002930037,0.043750355,1
1,0.071413044,0.212902584,0.035195243,0.06438257,1
1,0.036884023,0.240952138,0.030010978,0.326885772,1
1,0.070641834,0.2011617,0.01563561,0.048425346,0
1,0.071474135,0.188974526,0.013039387,0.043304135,0
1,0.057428836,0.205772754,0.017972879,0.129989583,0
1,0.029543026,0.198915593,0.007336663,0.20312909,0
1,0.037560987,0.185740006,0.014096917,0.152538995,0
1,0.032089154,0.226074181,0.043154626,0.033484847,0
1,0.021804926,0.172754758,0.057047894,0.012520054,0
1,0.020735741,0.247735413,0.080223833,0.039886127,0
1,0.024690265,0.002717526,0.262151271,0.072838118,0
1,0.031074551,0.084478372,0.083636609,0.035452104,1
1,0.02326692,0.213109175,0.011356442,0.065373443,1
1,0.036614901,0.657811045,0.475798571,0.090000084,1
1,0.030526931,0.655381074,0.08209721,0.055931062,1
1,0.021779197,0.58977646,0.070192152,0.011239269,1
1,0.056713475,0.430862344,0.052726219,0.042175472,1
1,0.045342564,0.1106468,0.34260728,0.043933365,1
1,0.042137014,0.079916247,0.197840956,0.089588728,1
1,0.027799316,0.022039779,0.0619236,0.126132173,1
1,0.050976553,0.018122825,0.004190855,0.117220443,1
1,0.026687581,0.014734763,0.003624979,0.107565672,1
1,0.020718071,0.056507746,0.044694046,0.248841774,1
1,0.039447017,0.113270496,0.060732002,0.134000008,1
1,0.046575264,0.058121065,0.006153584,0.070810996,0
1,0.042385561,0.052184456,0.006351739,0.027223102,0
1,0.034462398,0.040148723,0.012877356,0.075813984,0
1,0.038991813,0.134523333,0.01131825,0.048364691,0
1,0.046266803,0.127874386,0.007113889,0.075381682,0
1,0.048061683,0.093902528,0.058794053,0.012671536,0
1,0.03726655,0.397449335,0.324772947,0.011178162,0
1,0.047263096,0.53245056,0.144441466,0.028105572,0
1,0.041657428,0.483366255,0.052516627,0.051778592,0
1,0.040293933,0.688240665,0.219200679,0.064854255,0
1,0.028199776,0.689756694,0.00162204,0.115493603,0
1,0.027372939,0.629426894,0.064548487,0.051490552,0
1,0.016847577,0.555756261,0.078822204,0.057771789,0
1,0.017789016,0.528633889,0.02901896,0.03994741,0
1,0.011851769,0.506250511,0.023948582,0.052792891,0
1,0.04552869,0.474033544,0.034469805,0.183542985,0
1,0.054268633,0.419874335,0.057946404,0.115152095,0
1,0.046559024,0.57801273,0.038107548,0.041438225,0
1,0.029865739,0.574666128,0.119583142,0.273456963,0
1,0.024461197,0.533627802,0.043908016,0.030809398,0
1,0.026284682,0.574611586,0.04384966,0.13725195,0
1,0.027911322,0.584793315,0.010893707,0.092152537,0
1,0.038958662,0.563862689,0.022394243,0.095530844,0
0,1,1,1,0.066521839,0
0,1,1,1,0.023210958,0
0,1,1,1,0.22877043,0
0,1,1,1,0.234106128,0
0,1,1,1,0.078450077,0
0,1,1,1,0.163097016,0
0,1,1,1,0.029190005,0
0,1,1,1,0.014883777,0
0,1,1,1,0.054299539,0
0,1,1,1,0.035035659,0
0,1,1,1,0.048306997,0
0,1,1,1,0,0
0,1,1,1,0.247842188,0
0,1,1,1,0,0
0,1,1,1,0,0
0,1,1,1,0,0
0,1,1,1,0,0
0,1,1,1,0,0
1,0.018536442,0.269016426,0.054055989,0.032436933,0
1,0.025840844,0.133013234,0.145513497,0.032436933,0
1,0.028008355,0.153049162,0.021436982,0.029163176,0
1,0.02927519,0.060024813,0.09952927,0.036877947,0
1,0.018140513,0.133516351,0.042567295,0.0192725,0
1,0.019902461,0.147559303,0.015024934,0.02274897,0
1,0.028204385,0.185995429,0.003626373,0.069328687,0
1,0.033385554,0.154273553,0.033940094,0.057980582,0
1,0.022856744,0.218495903,0.062794627,0.04127853,0
1,0.021000793,0.075195633,0.153320839,0.066423951,0
1,0.120433902,0.446961232,0.439486771,0.157612902,0
1,0.118384171,0.106793115,0.363955077,0.079016161,0
1,0.027464137,0,0.15128528,0.059117835,0
1,0.017020139,0,0,0.094063084,0
1,0.031927439,0,0,0.015231432,0
1,0.063212371,0,0,0.019867485,0
0,1,1,1,0.025257988,0
0,1,1,1,0.014847576,0
0,1,1,1,0.119556123,0
0,1,1,1,0.019748931,0
1,0.04346523,0,0,0.013304368,0
0,1,1,1,0,0
0,1,1,1,0.014628485,0
0,1,1,1,0.018503204,0
0,1,1,1,0.018503204,0
0,1,1,1,0.018503204,0
0,1,1,1,0.064455478,0
0,1,1,1,0.053601281,0
0,1,1,1,0.400903097,0
0,1,1,1,0.113049373,0
0,1,1,1,0.113351903,0
0,1,1,1,0.34301932,0
0,1,1,1,0.102015979,0
0,1,1,1,0.08907502,0
0,1,1,1,0.036184222,0
0,1,1,1,0.05228633,0
0,1,1,1,0.036889885,0
0,1,1,1,0,0
0,1,1,1,0,0
0,1,1,1,0.026559046,0
0,1,1,1,0,0
0,1,1,1,0,0
0,1,1,1,0.088475426,0
0,1,1,1,0.104231981,0
1,0.062691782,0.409816162,0.004043011,0.034067135,0
1,0.063873605,0.406201594,0.003867325,0.057410751,0
1,0.062229245,0.391919043,0.015281288,0.012912483,0
1,0.059389488,0.394548329,0.002813144,0.020571597,0
1,0.058418617,0.409828922,0.01634912,0.036416036,0
1,0.053963445,0.410844154,0.001086224,0.034691854,0
1,0.03435487,0,0.439573283,0.158502495,0
1,0.033216607,0.348183783,0.372531256,0.019857633,0
1,0.020362603,0.252902967,0.101943524,0.101228363,0
1,0.043310391,0.2112727,0.04454135,0.133530393,0
0,1,1,1,0,0
0,1,1,1,0,0
0,1,1,1,0,0
0,1,1,1,0,0
0,1,1,1,0.335786914,0
0,1,1,1,0.169770637,0
0,1,1,1,0.350621525,0
0,1,1,1,0.008457337,0
0,1,1,1,0.186296341,0
0,1,1,1,0.34915348,0
0,1,1,1,0.248279436,0
0,1,1,1,0.167145814,0
0,1,1,1,0.098141827,0
0,1,1,1,0.048071461,0
1,0.064866245,0.336624368,0.019300381,0.065493073,1
1,0.126610785,0.348030233,0.012203444,0.276944903,1
1,0.139852939,0.348201329,0.00018306,0.122831996,1
1,0.124299486,0.316671107,0.033735038,0.097002622,1
1,0.060106796,0.334572958,0.019153675,0.072243269,1
1,0.052208437,0.327130859,0.007962503,0.058913903,1
1,0.065176576,0.349035345,0.023436203,0.096598802,1
1,0.071724221,0.368736924,0.021079253,0.016637629,1
1,0.058005281,0.336305521,0.001012075,0.023711431,1
1,0.057406924,0.32362238,0.013570036,0.057626796,1
1,0.059870171,0.304762203,0.01972986,0.065831341,1
1,0.07741737,0,0.326073332,0.071504038,1
1,0.068861197,0,0,0.130889373,1
1,0.054765739,0,0,0.063149619,1
1,0.045392324,0.559515028,0.598640276,0.070032906,1
1,0.459181166,0,0.52846975,0.070032906,1
1,0.071599839,0,0,0.070032906,1
1,0.051986941,0,0,0.035213944,1
1,0.036357531,0.289029953,0.309240972,0.045195854,1
1,0.048925212,0.644156632,0.291775501,0.105179564,1
1,0.063825289,0.344616836,0.179606462,0.05562231,1
1,0.039233807,0.207064124,0.075903323,0.02815427,1
1,0.030745591,0.182720482,0.017093038,0,1
1,0.026386155,0.171091899,0.003236524,0,1
1,0.082983843,0.179060509,0.008525831,0,1
1,0.071634518,0.074672732,0.09553186,0,1
1,0.05745979,0.040904581,0.036129458,0,1
1,0.04411729,0.058759111,0.019103044,0,1
1,0.060370175,0.089671782,0.033074303,0,1
1,0.056846308,0.080401284,0.050597701,0,1
1,0.056395883,0.063431014,0.018156951,0,1
1,0.068466591,0.081888272,0.013259864,0,1
1,0.035546818,0.115788546,0.075334065,0.123895627,1
1,0.029298774,0.09610054,0.02106473,0.06194031,1
1,0.034270828,0.085595217,0.01123993,0.09050692,1
1,0.046158365,0.113487423,0.029842627,0.05033746,1
1,0.048228178,0.063995287,0.000615563,0.051378312,1
1,0.044210332,0.067072889,0.00329281,0.067465354,1
1,0.033242631,0.056958246,0.010821931,0.009456884,1
1,0.031648817,0.051985566,0.002844958,0.01322322,1
1,0.016486207,0.050367224,0.017394937,0.044354511,1
1,0.021522892,0.017887211,0.003967658,0.024536828,1
1,0.027961417,0.017092234,0.000850568,0.025650085,1
1,0.035964991,0.036645523,0.01058426,0.042591027,1
1,0.036076994,0.051071774,0.00293749,0.024514885,1
1,0.034912224,0.047313916,0.004020634,0.006524085,1
1,0.032613254,0.069770532,0.014897951,0.010515119,1
1,0.027196403,0.072695948,0.002737981,0.029385448,1
1,0.046864742,0.145556941,0.184657232,0,1
1,0.04187212,0.047429757,0.023863887,0,1
1,0.04368219,0.055811791,0.048356089,0.056504559,0
1,0.052848278,0.004799749,0.048987334,0.016710981,0
1,0.047890976,0.002664029,0.002285065,0.002541247,0
1,0.042497268,0.018429334,0.016867727,0.030284072,0
1,0.037707209,0.024474616,0.006468011,0.040458516,0
1,0.05486893,0.014625703,0.010537619,0.042032549,0
1,0.046606491,0.00660538,0.017102475,0.039967,0
1,0.04685145,0.118313624,0.108335447,0.033809096,0
1,0.043078703,0.291589422,0.180561571,0.035247272,0
1,0.061981009,0.381510862,0.096209383,0.021572272,0
1,0.055619468,0.431275211,0.053244225,0.00783265,0
1,0.052047443,0.451472572,0.021609703,0.012590195,0
1,0.04834142,0.548301383,0.103599767,0.007091801,0
1,0.067864326,0.543963707,0.002396696,0.015086198,0
1,0.062534277,0.553931442,0.004267636,0.050281057,0
0,1,1,1,0,0
0,1,1,1,0,0
0,1,1,1,0.130572398,0
0,1,1,1,0,0
0,1,1,1,0,0
0,1,1,1,0.105069733,0
1,0.027058555,0.101673477,0.0737606,0.391141126,0
1,0.01114886,0.154395404,0.056408617,0.240833131,0
1,0.01253647,0.151025024,0.003606061,0.017686678,0
1,0.042835445,0.35775706,0.227268539,0,0
1,0.037780706,0.46541066,0.115181501,0.057019979,0
1,0.041563785,0.555449239,0.096334713,0.036138222,0
1,0.044333915,0.613326443,0.061924388,0.196818814,0
1,0.033114114,0.708258769,0.101570665,0.071266909,0
1,0.03098661,0.727343734,0.020419521,0.023525001,0
1,0.040107641,0.760181037,0.035133519,0.093119016,0
1,0.041489742,0.766157207,0.006394066,0.031125367,0
1,0.034932423,0.733942425,0.034467467,0.096183114,0
1,0.031369161,0.698043264,0.038409485,0.128201206,0
1,0.035972533,0.669179647,0.030881965,0.041335381,0
1,0.032398861,0.638137341,0.033213004,0.078974666,0
1,0.031165,0.618021774,0.02152219,0.023060819,0
1,0.057419978,0.607206013,0.042409153,0.136099693,1
1,0.011366955,0.498040767,0.116798852,0.124970171,1
1,0.010883809,0.620411726,0.130928001,0.062512679,1
1,0.028312114,0.630948769,0.011273868,0.053935215,1
1,0.051166177,0.131576863,0.534291522,0.08845607,1
1,0.023205037,0.0613225,0.075167045,0.065469912,1
1,0.025754433,0.022189858,0.041869073,0.046067508,1
1,0.0367516,0.051534991,0.031397152,0.072942154,1
1,0.047121291,0.078254276,0.028587686,0.061052471,1
1,0.050279044,0.059771007,0.019775749,0.038118709,1
1,0.041098911,0.207973582,0.1434102,0.012135096,1
1,0.032169338,0.264468528,0.036576012,0.027741141,1
1,0.039410778,0.303128022,0.036932949,0.065395142,1
1,0.063125991,0.343830425,0.043548603,0.08164534,1
1,0.054128995,0.36286843,0.009884643,0.057591128,1
1,0.04083149,0.348701565,0.015157513,0.047893027,1
1,0.033900817,0.392740059,0.047046148,0.058972004,1
1,0.040385651,0.431648966,0.039864694,0.042178952,1
1,0.069014909,0.37709948,0.058363972,0,1
1,0.057289383,0.37697353,0.001499877,0,1
1,0.045864429,0.320113567,0.060836014,0,1
1,0.034952642,0.296718239,0.013836646,0,1
1,0.086243249,0.319461394,0.024333517,0,1
1,0.067629905,0.321103848,0.192863226,0,0
1,0.061513863,0.287389076,0.034707226,0,0
1,0.091121527,0.286522794,0.000926859,0,0
1,0.075431939,0.257141248,0.005203147,0,0
1,0.063390538,0.253086121,0.00433869,0,0
1,0.052104207,0,0.270783692,0,0
1,0.075301943,0.386933096,0.000625713,0,1
1,0.063120654,0.370829057,0.012996376,0,1
1,0.05795613,0.306784045,0.068523492,0,1
1,0.077443517,0.070119263,0.005332148,0,1
1,0.059090279,0.007081479,0.067445832,0.092187039,1
1,0.038996771,0.022149917,0.01612213,0.081509203,1
1,0.040497906,0.039405102,0.018461789,0.037362961,1
1,0.046863199,0.016226995,0.010800703,0.040390742,1
1,0.05051161,0.010612491,0.006007109,0.037485844,1
1,0.036885065,0.028415823,0.019048266,0.050653314,1
1,0.054594604,0.017721033,0.003529824,0.058945451,1
1,0.036732155,0.033692928,0.02861183,0.030533447,1
1,0.039032844,0.013983213,0.006490344,0.045488261,0
1,0.051108039,0.010334491,0.003690255,0.046456681,0
1,0.032296328,0.02417071,0.014803745,0.034269026,0
1,0.035173035,0.003827817,0.020018462,0.069276447,0
1,0.043168746,0.010052983,0.006660474,0.037638234,0
1,0.055385307,0.144144827,0.121647688,0.026861269,0
1,0.046363334,0.235315671,0.097546154,0,0
1,0.04981197,0.347825865,0.111260008,0.035892349,0
1,0.048016951,0.393733593,0.046237396,0.026260797,0
1,0.050600759,0.419273851,0.027246963,0.056279861,0
1,0.069324637,0.460412195,0.044015028,0.022094374,0
0,1,1,1,0,0
0,1,1,1,0,0
0,1,1,1,0,0
0,1,1,1,0,0
0,1,1,1,0,0
0,1,1,1,0,0
0,1,1,1,0,0
0,1,1,1,0,0
0,1,1,1,0.07582947,0
0,1,1,1,0.453630486,0
0,1,1,1,0.073806289,0
0,1,1,1,0.059559758,0
0,1,1,1,0.084224989,0
0,1,1,1,0.111211631,0
0,1,1,1,0.06607391,0
0,1,1,1,0.315142295,0
0,1,1,1,0.273300194,0
0,1,1,1,0.635428009,0
0,1,1,1,0.369282452,0
0,1,1,1,0.09856762,0
0,1,1,1,0,0
0,1,1,1,0,0
0,1,1,1,0,0
0,1,1,1,0,0
0,1,1,1,0,0
0,1,1,1,0,0
0,1,1,1,0,0
0,1,1,1,0.240972448,0
0,1,1,1,0,0
0,1,1,1,0,0
1,0.03517882,0.472072991,0.014184488,0,1
1,0.040255424,0.451528388,0.021981227,0,1
1,0.035607316,0.26272534,0.202005493,0,1
1,0.03667413,0.199271209,0.067891292,0.016816046,1
1,0.024468405,0.286468797,0.093295059,0.155447545,1
1,0.026798202,0.273928459,0.013417247,0.050637858,1
1,0.033179593,0.218553297,0.059247385,0.051096633,1
1,0.039429475,0.250091982,0.033744092,0.049468849,1
1,0.028932768,0.23743784,0.013539009,0.07193788,1
1,0.028453344,0.222935967,0.015515946,0.082373742,1
1,0.034394497,0.221103163,0.001960967,0.050918231,1
1,0.040986454,0.208997794,0.012951863,0.084208142,1
1,0.033879736,0.225277609,0.017418215,0.051749293,1
1,0.033807321,0.231248054,0.006387941,0,1
1,0.037830939,0.218366805,0.013781997,0,1
1,0.041554972,0.228674539,0.011028524,0,1
1,0.043013287,0.250690203,0.023555155,0,1
1,0.045819771,0.254267658,0.003827616,0,1
1,0.045165134,0.265582219,0.012105755,0,1
1,0.04410827,0.273152876,0.00810005,0,1
1,0.077209454,0.281473057,0.008901987,0,1
1,0.07122406,0.319711367,0.040912204,0,1
1,0.062167397,0.253460818,0.070883257,0,1
1,0.048480962,0.223030811,0.032557888,0,1
1,0.038753909,0.164602206,0.062514346,0,1
1,0.080849009,0.142719248,0.023413169,0,1
1,0.063022401,0.087427547,0.059158088,0.099460968,1
1,0.055246854,0.06728064,0.021555722,0,1
1,0.047994722,0.041988848,0.006498928,0,1
1,0.045832525,0.028069977,0.014892177,0,1
1,0.046606685,0.009373699,0.020003655,0,1
1,0.030041867,0.000387,0.009615113,0.137243038,1
1,0.029324266,0.003072613,0.002873411,0.03531522,1
1,0.036706572,0.005958147,0.003087311,0.121878353,1
1,0.043757974,0.01961294,0.014609632,0.035119343,1
1,0.011164667,0.099672348,0.106642144,0.110640916,1
1,0.035613506,0.104622069,0.005295841,0.103086042,1
1,0.023175302,0.165010385,0.020672625,0.096559796,0
1,0.032552331,0.108207859,0.060774561,0.064899501,0
1,0.038944384,0.138841684,0.032775959,0.03069007,0
1,0.045679226,0.128460102,0.011107535,0.019689387,0
1,0.041527161,0.174201486,0.048939946,0.088045836,0
1,0.038971746,0.144944491,0.031302852,0.039610419,0
1,0.039449882,0.412127486,0.28586632,0.02886641,0
1,0.156709601,0.462053209,0.087147493,0.02886641,0
0,1,1,1,0.02886641,0
0,1,1,1,0.387335705,0
0,1,1,1,0,0
0,1,1,1,0,0
0,1,1,1,0,0
0,1,1,1,0.014648538,0
0,1,1,1,0.034825569,0
0,1,1,1,0.078167688,0
0,1,1,1,0.017774974,0
1,0.035508986,0.411984737,0.009689181,0.018669037,1
1,0.036633327,0.421090913,0.009742944,0.017774974,1
1,0.037913381,0.430244796,0.009793988,0.018242244,1
1,0.033658734,0.39633179,0.036284444,0.065996859,1
1,0.045809556,0.281987923,0.032241542,0.011165024,1
1,0.034878015,0.428576298,0.002257731,0.020876133,1
1,0.031125474,0.222107736,0.057406514,0.020876133,1
1,0.038670892,0.37133276,0.003263548,0.020876133,1
1,0.049193605,0.216383375,0.003892741,0.020585862,1
1,0.046027107,0.330990996,0.047651906,0.020876133,1
1,0.033468779,0.178105482,0.03416494,0.020876133,1
1,0.039679683,0.16661715,0.002945377,0.066303787,1
1,0.074597986,0.348363277,0.015149405,0.066303787,1
1,0.040119843,0.119942218,0.008319251,0.066303787,1
1,0.041934005,0.144562562,0.012488134,0.019776163,1
1,0.036878536,0.380524426,0.011689725,0.019776163,1
1,0.039320955,0.18832582,0.025730048,0.019776163,1
1,0.054840141,0.408960318,0.004694282,0.019776163,1
1,0.030578397,0.219602104,0.011316935,0.019776163,1
1,0.029799238,0.257819047,0.011007023,0.025314098,1
1,0.042203869,0.281115342,0.018179621,0.019869948,1
1,0.048532302,0.223953647,0.005283803,0.051701055,1
1,0.032185603,0.229076756,0.005481353,0.051701055,1
1,0.029934397,0.242905226,0.014795454,0.051701055,1
1,0.040482271,0.262687462,0.02116555,0.048425346,1
1,0.037249954,0.274296841,0.012421188,0.054792847,1
1,0.03473134,0.321522738,0.030158847,0.055087599,1
1,0.036693359,0.318552088,0.003178379,0.040473024,1
1,0.0504858,0.302889995,0.016757298,0.038689426,1
1,0.047976629,0.318399904,0.016594472,0.035236167,1
1,0.010132275,0.319433711,0.001106098,0.052658346,1
1,0.005852319,0.269769851,0.053136708,0.026479718,1
1,0.032077421,0.23812396,0.02799408,0.05020608,1
1,0.035185856,0.297352158,0.059414613,0.048089777,1
1,0.03368445,0.298351151,0.00106885,0.012779184,1
1,0.02391548,0.30052889,0.002330022,0.06314497,1
1,0.045544453,0.264197792,0.038871625,0.045003847,1
1,0.030181258,0.18338623,0.051683673,0.075178917,1
1,0.035603252,0.122916135,0.042949772,0.075823663,1
1,0.026054186,0.10493642,0.010042964,0.027862562,1
1,0.047873033,0.081212952,0.010906299,0.068190254,1
1,0.051986528,0,0.17644084,0,1
1,0.060982556,0,0,0,1
1,0.064133289,0,0,0,1
1,0.050496614,0,0,0,1
1,0.059035924,0,0,0.10578715,1
1,0.052780492,0.060152152,0.064358416,0.063376207,1
1,0.059047507,0.040962654,0.020531363,0.023939362,1
1,0.045472318,0.054096988,0.01405278,0.015721415,1
1,0.049169149,0.051677429,0.002588752,0.024326568,1
1,0.047538924,0.090543697,0.041584073,0.126842316,1
1,0.052220063,0.047318427,0.046247887,0,1
1,0.05016123,0.10757456,0.014364707,0,1
1,0.058848223,0.151468813,0.011725636,0.027082562,1
1,0.033226576,0.232640515,0.027540513,0.061975054,1
1,0.044885221,0.18916329,0.044069792,0.058515612,1
1,0.0500778,0.181485939,0.008214206,0.018075202,1
1,0.025765009,0.202943005,0.022957496,0.083174616,1
1,0.025831087,0.179723185,0.024843513,0.019612207,1
1,0.089830765,0.167198985,0.013399981,0.043974549,1
1,0.049916796,0.199091644,0.034122819,0.900200695,1
1,0.319449341,0.227528349,0.030425201,0.900200695,1
1,0.03137208,0.137414721,0.096415011,0.900200695,1
1,0.032563199,0,0.14702373,0.005326893,1
1,0.02871865,0,0,0.042605957,1
1,0.017433935,0.078709437,0.03257667,0,1
1,0.02429426,0.041027509,0.08173537,0.042493276,1
1,0.028958739,0.077906619,0.039457959,0,1
1,0.030381351,0.132073962,0.057955106,0,1
1,0.182257208,0.038779964,0.099817774,0,1
0,1,1,1,0,0
0,1,1,1,0.00103746,0
0,1,1,1,0.029658884,0
0,1,1,1,0.313947917,0
0,1,1,1,0.072617474,0
1,0.028954054,0.412286703,0.012658404,0.46556198,0
1,0.033601927,0.435628402,0.023480116,0.091833978,0
1,0.0255462,0.401203306,0.004517994,0.102530698,1
1,0.023516187,0.304863201,0.09120113,0.014584943,1
1,0.039336476,0.260526179,0.035877342,0.125432441,1
1,0.028752049,0.281169015,0.022086329,0.078611431,1
1,0.02378666,0.240584546,0.043422422,0.044172138,1
1,0.024069126,0.184537127,0.047503298,0.032480643,1
1,0.054160917,0.103616563,0.058364127,0.033358958,1
1,0.039913967,0.036813432,0.071474478,0.003687927,1
1,0.023193684,0.007542334,0.03131794,0.016848018,1
1,0.026620784,0.063501238,0.059871946,0.024268176,1
1,0.061180893,0.083616304,0.01252575,0.049525188,1
1,0.049544646,0.120406795,0.025028017,0.024306449,1
1,0.037168231,0.097187469,0.018611379,0.047569131,1
1,0.03724959,0.020178339,0.082394153,0,1
1,0.077579556,0.062098753,0.044851786,0.090212922,1
1,0.075501666,0.082848661,0.022200889,0.033141192,1
1,0.085393279,0.021623725,0.065506217,0.051137788,1
1,0.086917975,0.040426728,0.020117842,0.029911836,1
1,0.038769453,0.103285589,0.067254398,0.093919422,1
1,0.022114356,0.138878257,0.038081559,0.117088899,1
1,0.039383921,0.146165172,0.007796467,0.100648189,1
1,0.196324515,0.23063867,0.042617211,0.101470208,1
1,0.179841359,0.178937876,0.05531608,0.112648789,1
1,0.019605923,0.155708442,0.028210437,0.075870106,1
1,0.068505001,0.158408585,0.002888956,0.020779827,1
1,0.073835104,0.160762489,0.002518505,0.040644311,1
1,0.088670966,0.144547012,0.017349377,0.053050813,1
1,0.093725927,0.233731599,0.095421004,0.055480518,1
1,0.092244223,0.294684613,0.06521528,0.014460297,1
1,0.08889212,0.17483724,0.128227949,0.029358797,1
1,0.098225419,0.10118171,0.078806046,0.009415406,1
1,0.091657428,0.098990164,0.002344794,0.032633918,1
1,0.086446058,0.080907931,0.019346671,0.026158132,1
1,0.085624048,0.09060011,0.010369925,0.004532988,1
1,0.092763891,0.064147417,0.028302452,0.053602194,1
1,0.083224403,0.050648953,0.014442372,0.046727592,1
1,0.084967374,0.068827138,0.019449332,0.029119526,1
1,0.077676161,0.038637252,0.032300977,0.034015396,1
1,0.080208137,0.014540772,0.025781476,0.079061347,1
1,0.143960107,0.237652862,0.008415561,0.057723499,1
1,0.094476551,0.005139781,0.000543381,0.099204363,1
1,0.145468836,0.215610563,0.010385815,0.121314264,1
1,0.153672543,0.226988469,0.012173529,0,1
1,0.15054535,0.218383458,0.009206734,0,1
1,0.144928383,0.194470215,0.025585426,0,1
1,0.147660815,0.189634785,0.005173558,0.021367186,1
1,0.154331199,0.163579989,0.027876732,0.021367186,1
1,0.548826352,0.362577015,0.073557581,0.021367186,0
1,0.111719734,0.260034755,0.10971274,0.021367186,0
1,0.101075866,0.259437241,0.018101025,0.050764266,1
1,0.083228981,0.33511768,0.080972551,0.307434112,1
1,0.08010681,0.329919919,0.005561225,0.093347281,1
0,1,1,1,0.08218049,0
0,1,1,1,0.231764908,0
0,1,1,1,0.086938663,0
0,1,1,1,0.283105424,0
0,1,1,1,0.062884104,0
1,0.12920605,0.310098368,0.058076352,0.248104195,1
1,0.077386394,0.245116102,0.069526286,0.114933083,1
1,0.065299602,0.254045204,0.009553488,0.046992777,1
1,0.05754505,0.307842219,0.057558883,0.142137507,1
1,0.077181412,0.266151512,0.044606016,0.148838432,1
1,0.082984796,0.250301359,0.016958508,0.085994892,1
1,0.061589088,0.246217328,0.004369615,0.051120564,1
1,0.055668956,0.280921616,0.037131057,0.032835682,1
1,0.076517361,0.225634786,0.059152876,0.036017533,1
1,0.093254023,0.268708451,0.04608568,0.036598292,1
1,0.054183433,0.06691956,0.01787984,0.036598292,1
1,0.05189743,0.060101707,0.00380523,0.028693017,1
1,0.048438133,0.175258632,0.010051229,0.017622942,1
1,0.054290729,0.118359019,0.060878437,0.096617033,1
1,0.056930382,0.121566326,0.003431585,0.025567937,1
1,0.060118136,0.124572428,0.00321631,0.033399997,1
1,0.053077659,0.008185148,0.060330365,0.046825907,1
1,0.057553183,0.102233376,0.084231521,0.044053469,1
1,0.05907084,0.138395227,0.038690543,0.013809593,1
1,0.060862505,0.077630679,0.065013636,0.010790671,1
1,0.044958449,0.070361877,0.022583446,0.018650684,1
1,0.029190775,0.119521165,0.052596854,0.041028881,1
0,1,1,1,0,0
0,1,1,1,0,0
0,1,1,1,0,0
0,1,1,1,0,0
0,1,1,1,0,0
0,1,1,1,0.134330748,0
0,1,1,1,0,0
0,1,1,1,0.024845928,0
0,1,1,1,0.025221159,0
0,1,1,1,0.065263339,0
0,1,1,1,0.041968483,0
0,1,1,1,0.040939352,0
0,1,1,1,0.085023387,0
0,1,1,1,0.029879106,0
1,0.049692139,0.557524286,0.044773949,0.045824732,0
1,0.038316644,0.533044547,0.026191535,0.093208814,0
1,0.035190129,0.55109809,0.019315974,0.103228795,0
1,0.042954825,0.526496136,0.026322297,0.027762296,0
1,0.030461503,0.507228341,0.020615136,0.024942226,0
1,0.029361558,0.50702679,0.000215645,0.001684511,0
1,0.02764522,0.472070307,0.037400888,0.008186914,0
1,0.037633178,0.465511626,0.00701731,0.070924214,0
1,0.041926187,0.477554958,0.012885487,0.046963618,0
1,0.033345677,0.477348882,0.000220486,0.021694393,0
1,0.189898114,0.640213705,0.006668471,0.070501485,0
1,0.07703434,0.455495364,0.026618919,0.070501485,0
0,1,1,1,0.082315517,0
0,1,1,1,0.048810754,0
0,1,1,1,0.122391885,0
0,1,1,1,0.026389031,0
0,1,1,1,0.055386967,0
0,1,1,1,0.05329372,0
0,1,1,1,0.079756307,0
0,1,1,1,0.020920613,0
0,1,1,1,0.038040337,0
0,1,1,1,0.036146344,0
0,1,1,1,0.025773765,0
0,1,1,1,0.094315003,0
0,1,1,1,0.095525211,0
0,1,1,1,0.078420137,0
0,1,1,1,0.046786187,0
0,1,1,1,0.042798434,0
0,1,1,1,0.029821742,0
0,1,1,1,0.028077707,0
0,1,1,1,0.055424053,0
0,1,1,1,0.079146078,0
0,1,1,1,0,0
0,1,1,1,0,0
0,1,1,1,0,0
0,1,1,1,0.016178448,0
0,1,1,1,0.047392935,0
0,1,1,1,0.056035057,0
0,1,1,1,0.045388127,0
0,1,1,1,0.025026428,0
0,1,1,1,0.068180927,0
0,1,1,1,0.149640608,0
0,1,1,1,0.117342667,0
0,1,1,1,0.093292234,0
0,1,1,1,0.017309222,0
0,1,1,1,0.009985321,0
0,1,1,1,0.112168293,0
0,1,1,1,0.112168293,0
0,1,1,1,0.112168293,0
1,0.018590942,0.509854499,0.041262875,0.037972113,0
1,0.032418986,0.513129208,0.0035037,0.104211327,0
1,0.039721397,0.536858646,0.025388768,0.00146719,0
1,0.062007467,0.497850144,0.041736253,0.101133592,0
1,0.080751818,0.49245334,0.005774186,0.045622504,0
1,0.039138437,0.473788214,0.011450009,0.040206209,0
1,0.047361917,0.454309027,0.012975933,0.04684262,0
1,0.030251179,0.458018142,0.003968483,0.045085306,0
1,0.015959063,0.438135833,0.018004282,0.066865877,0
1,0.016573196,0.428816601,0.009970899,0.063622754,0
1,0.018246265,0.467682606,0.024243186,0.052942805,0
1,0.051851101,0.531819225,0.002547259,0,0
1,0.0430456,0.494387458,0.040049261,0,0
1,0.054658362,0.576786127,0.034787115,0,0
1,0.027281893,0.607713999,0.037233343,0.338489678,0
1,0.036524949,0.596686335,0.0013858,0.044768417,0
1,0.010667176,0.578806798,0.016319748,0.016060078,0
1,0.01579588,0.533144971,0.048854825,0.020770407,0
1,0.029450282,0.537167267,0.004303564,0.088321014,0
1,0.040860715,0.556375152,0.018413989,0.040696037,0
1,0.010600097,0.557018516,0.000688352,0,0
1,0.026307767,0.549921572,0.007593212,0.06008724,0
0,1,1,1,0,0
0,1,1,1,0,0
0,1,1,1,0.02025524,0
0,1,1,1,0.088667649,0
0,1,1,1,0.024914751,0
0,1,1,1,0.025252177,0
0,1,1,1,0.082479393,0
0,1,1,1,0.101442239,0
0,1,1,1,0.037821068,0
0,1,1,1,0.037286937,0
0,1,1,1,0.086491825,0
0,1,1,1,0.066026505,0
0,1,1,1,0.024456942,0
0,1,1,1,0.024167167,0
0,1,1,1,0.065610994,0
0,1,1,1,0.111811817,0
0,1,1,1,0.0407885,0
0,1,1,1,0.040336198,0
0,1,1,1,0.08232562,0
0,1,1,1,0.017556188,0
0,1,1,1,0.009394599,0
0,1,1,1,0.009076763,0
0,1,1,1,0.007700364,0
0,1,1,1,0.024183357,0
0,1,1,1,0.011424912,0
0,1,1,1,0.011674829,0
0,1,1,1,0.010808791,0
0,1,1,1,0.013439738,0
0,1,1,1,0.003931909,0
0,1,1,1,0.003969062,0
0,1,1,1,0.000442374,0
0,1,1,1,0.017925717,0
0,1,1,1,0.00540892,0
0,1,1,1,0.006049378,0
0,1,1,1,0.001796933,0
0,1,1,1,0.009011851,0
0,1,1,1,0.002690858,0
0,1,1,1,0.003143661,0
0,1,1,1,0.009114415,0
0,1,1,1,0.003931909,0
0,1,1,1,0.004856054,0
0,1,1,1,0.004935994,0
0,1,1,1,0.012147184,0
0,1,1,1,0.00688173,0
0,1,1,1,0.003969062,0
0,1,1,1,0.003931909,0
0,1,1,1,0.00379257,0
0,1,1,1,0.005354375,0
0,1,1,1,0,0
0,1,1,1,0.000312806,0
0,1,1,1,0.005063206,0
0,1,1,1,0.005063206,0
0,1,1,1,0.005063206,0
0,1,1,1,0.005063206,0
0,1,1,1,0.215614963,0
0,1,1,1,0.057695522,0
0,1,1,1,0.034101584,0
0,1,1,1,0.03433036,0
0,1,1,1,0.086310062,0
0,1,1,1,0.064297406,0
0,1,1,1,0.021442612,0
0,1,1,1,0.021328226,0
0,1,1,1,0.021449455,0
0,1,1,1,0.073953299,0
0,1,1,1,0.130588134,0
0,1,1,1,0.062324567,0
0,1,1,1,0.062243661,0
0,1,1,1,0.175308948,0
0,1,1,1,0.210602027,0
0,1,1,1,0.089636225,0
0,1,1,1,0.089709333,0
0,1,1,1,0.231985184,0
0,1,1,1,0.034444178,0
0,1,1,1,0.015429292,0
0,1,1,1,0.015247484,0
0,1,1,1,0.027516255,0
0,1,1,1,0.018137349,0
0,1,1,1,0.008186914,0
0,1,1,1,0.008364269,0
0,1,1,1,0.010658377,0
0,1,1,1,0.010374598,0
0,1,1,1,0.004489609,0
0,1,1,1,0.004489609,0
0,1,1,1,0.017950263,0
0,1,1,1,0.009092919,0
0,1,1,1,0.004185058,0
0,1,1,1,0.004114319,0
0,1,1,1,0.014558083,0
0,1,1,1,0,0
0,1,1,1,0.005381716,0
0,1,1,1,0.067763465,0
0,1,1,1,0.036005306,0
0,1,1,1,0.036043332,0
0,1,1,1,0.045992044,0
0,1,1,1,0.081133195,0
0,1,1,1,0.028480802,0
0,1,1,1,0.028349951,0
0,1,1,1,0.056434383,0
0,1,1,1,0.183577634,0
0,1,1,1,0.06389056,0
0,1,1,1,0.063407078,0
0,1,1,1,0.120489168,0
0,1,1,1,0.012946538,0
0,1,1,1,0.012946538,0
0,1,1,1,0.173947654,0
0,1,1,1,0.174439437,0
0,1,1,1,0.521148547,0
0,1,1,1,0.133930986,0
0,1,1,1,0.067760577,0
0,1,1,1,0.068017127,0
0,1,1,1,0.186983905,0
0,1,1,1,0.019338389,0
0,1,1,1,0.009995116,0
0,1,1,1,0.009707069,0
0,1,1,1,0.023620471,0
0,1,1,1,0.022408783,0
0,1,1,1,0.008066512,0
0,1,1,1,0.007925788,0
0,1,1,1,0.024699786,0
0,1,1,1,0.141727317,0
0,1,1,1,0.065737635,0
0,1,1,1,0.065496808,0
0,1,1,1,0.185894899,0
0,1,1,1,0.218147983,0
0,1,1,1,0.092786376,0
0,1,1,1,0.092499623,0
0,1,1,1,0.251440119,0
0,1,1,1,0.199354819,0
0,1,1,1,0.088769667,0
0,1,1,1,0.088504176,0
0,1,1,1,0.216469377,0
0,1,1,1,0.022541568,0
0,1,1,1,0.008792017,0
0,1,1,1,0.008792017,0
0,1,1,1,0.047047923,0
0,1,1,1,0.005604379,0
0,1,1,1,0.00501466,0
0,1,1,1,0.005139926,0
0,1,1,1,0.017511544,0
0,1,1,1,0.022580601,0
0,1,1,1,0.01432774,0
0,1,1,1,0.014446758,0
0,1,1,1,0.021637941,0
0,1,1,1,0.091770027,0
0,1,1,1,0.031021453,0
0,1,1,1,0.030996209,0
0,1,1,1,0.10938953,0
0,1,1,1,0.000312806,0
0,1,1,1,0.01522822,0
0,1,1,1,0.01722706,0
0,1,1,1,0.017078745,0
0,1,1,1,0.051103335,0
0,1,1,1,0.019093976,0
0,1,1,1,0.007845132,0
0,1,1,1,0.008017845,0
0,1,1,1,0.021201689,0
0,1,1,1,0.021608528,0
0,1,1,1,0.014991858,0
0,1,1,1,0.007282401,0
0,1,1,1,0.006049378,0
0,1,1,1,0.005852063,0
0,1,1,1,0.009534168,0
0,1,1,1,0.026396445,0
0,1,1,1,0.020206875,0
0,1,1,1,0.019933862,0
0,1,1,1,0.035403771,0
0,1,1,1,0.028370651,0
0,1,1,1,0.004311732,0
0,1,1,1,0.005024407,0
0,1,1,1,0.014439983,0
0,1,1,1,0.027702315,0
0,1,1,1,0.006065532,0
0,1,1,1,0.049588371,0
0,1,1,1,0.017711556,0
0,1,1,1,0.01778598,0
0,1,1,1,0,0
0,1,1,1,0.002255676,0
0,1,1,1,0.01137341,0
0,1,1,1,0.010858466,0
0,1,1,1,0.005280772,0
0,1,1,1,0.005498626,0
0,1,1,1,0.025462478,0
0,1,1,1,0,0
0,1,1,1,0,0
0,1,1,1,0,0
0,1,1,1,0.060034293,0
0,1,1,1,0.100104246,0
0,1,1,1,0.227075119,0
0,1,1,1,0.227035472,0
0,1,1,1,0.504081369,0
0,1,1,1,0.363859169,0
0,1,1,1,0.123809118,0
0,1,1,1,0.124004566,0
0,1,1,1,0.286138772,0
0,1,1,1,0.009242343,0
0,1,1,1,0.012331061,0
0,1,1,1,0,0
0,1,1,1,0.007105584,0
0,1,1,1,0.005551754,0
0,1,1,1,0.002502447,0
0,1,1,1,0.002502447,0
0,1,1,1,0.002521922,0
0,1,1,1,0.009141214,0
0,1,1,1,0.013021896,0
0,1,1,1,0.005354375,0
0,1,1,1,0.023210958,0
0,1,1,1,0.008210783,0
0,1,1,1,0.008048296,0
0,1,1,1,0.016813136,0
0,1,1,1,0.019867485,0
0,1,1,1,0.007950441,0
0,1,1,1,0.008702528,0
0,1,1,1,0.024462942,0
0,1,1,1,0.034456959,0
0,1,1,1,0.016196582,0
0,1,1,1,0.01550205,0
0,1,1,1,0.038374542,0
0,1,1,1,0.013201003,0
0,1,1,1,0.005639189,0
0,1,1,1,0.005776332,0
0,1,1,1,0.003469185,0
0,1,1,1,0.006402977,0
0,1,1,1,0,0
0,1,1,1,0.000312806,0
0,1,1,1,0.012267417,0
0,1,1,1,0.042345649,0
0,1,1,1,0.014919891,0
0,1,1,1,0.014824492,0
0,1,1,1,0.044265076,0
0,1,1,1,0.015407081,0
0,1,1,1,0.031956764,0
0,1,1,1,0.011750016,0
0,1,1,1,0.02168537,0
0,1,1,1,0,0
0,1,1,1,0.00831146,0
0,1,1,1,0.004532988,0
0,1,1,1,0.006263934,0
0,1,1,1,0.008514988,0
0,1,1,1,0.002815253,0
0,1,1,1,0.003128059,0
0,1,1,1,0.0053908,0
0,1,1,1,0.007870038,0
0,1,1,1,0.022229037,0
0,1,1,1,0.014365252,0
0,1,1,1,0.016839304,0
0,1,1,1,0.012037949,0
0,1,1,1,0.053111644,0
0,1,1,1,0.02129379,0
0,1,1,1,0.028675961,0
0,1,1,1,0.008891615,0
0,1,1,1,0.018521703,0
0,1,1,1,0.007870038,0
0,1,1,1,0.007795083,0
0,1,1,1,0.021190148,0
0,1,1,1,0.052567218,0
0,1,1,1,0.021631157,0
0,1,1,1,0.021898648,0
0,1,1,1,0.055118674,0
0,1,1,1,0.155721432,0
0,1,1,1,0.067633384,0
0,1,1,1,0.067500878,0
0,1,1,1,0.160966228,0
0,1,1,1,0.045821529,0
0,1,1,1,0,0
0,1,1,1,0,0
0,1,1,1,0.000442374,0
0,1,1,1,0.03535122,0
0,1,1,1,0.014731797,0
0,1,1,1,0.015511515,0
0,1,1,1,0.165834639,0
0,1,1,1,0.063938019,0
0,1,1,1,0.063694228,0
0,1,1,1,0.18496989,0
0,1,1,1,0.127358497,0
0,1,1,1,0.047111312,0
0,1,1,1,0.625867183,0
0,1,1,1,0.084134906,0
0,1,1,1,0.084342823,0
0,1,1,1,0.189832474,0
0,1,1,1,0.019001511,0
0,1,1,1,0.007282401,0
0,1,1,1,0.007539855,0
0,1,1,1,0.028674255,0
0,1,1,1,0.0156965,0
0,1,1,1,0.013982109,0
0,1,1,1,0.013584567,0
0,1,1,1,0.029973924,0
0,1,1,1,0.007851366,0
0,1,1,1,0.025468242,0
0,1,1,1,0.011849524,0
0,1,1,1,0.015680908,0
0,1,1,1,0.009347612,0
0,1,1,1,0.009651469,0
0,1,1,1,0.022567597,0
0,1,1,1,0.01301438,0
0,1,1,1,0.008775307,0
0,1,1,1,0.009049773,0
0,1,1,1,0.024979467,0
0,1,1,1,0.029298745,0
0,1,1,1,0.018789197,0
0,1,1,1,0.018482039,0
0,1,1,1,0.042354891,0
0,1,1,1,0.025433641,0
0,1,1,1,0.013685035,0
0,1,1,1,0.013685035,0
0,1,1,1,0.034951774,0
0,1,1,1,0.036832813,0
0,1,1,1,0.036832813,0
0,1,1,1,0.036832813,0
0,1,1,1,0.036832813,0
0,1,1,1,0.036832813,0
0,1,1,1,0.036832813,0
1,0.050200382,0.020179556,0.009463871,0.028180324,1
1,0.040312585,0.04305808,0.024478353,0.027762296,1
1,0.037328925,0.062491717,0.020792574,0.057557988,1
1,0.040265026,0.018900234,0.046639707,0.006576368,1
1,0.07350323,0.023122704,0.004517735,0,1
1,0.070733164,0.030853878,0.008271792,0,1
1,0.037306842,0.128310371,0.051220227,0,1
1,0.038562113,0.105483855,0.024422708,0,1
1,0.043497701,0.01155623,0.000858521,0,1
1,0.056662107,0.00995086,0.00171763,0,1
1,0.069804857,0.008669931,0.0013705,0,1
1,0.045763734,0.004434415,0.004531694,0,1
1,0.078678052,0.023339897,0.018389641,0.105285564,1
1,0.093572277,0.22150842,0.071872347,0.307962625,1
1,0.087938636,0.301923936,0.086038738,0.060821247,1
0,1,1,1,0.060879135,0
0,1,1,1,0.047095733,0
0,1,1,1,0.012492671,0
0,1,1,1,0.011845395,0
0,1,1,1,0.025443257,0
0,1,1,1,0,0
0,1,1,1,0.4378275,0
0,1,1,1,0.274033692,0
0,1,1,1,0.563760962,0
0,1,1,1,0.10856168,0
0,1,1,1,0.033784487,0
0,1,1,1,0.034183261,0
0,1,1,1,0.07160113,0
0,1,1,1,0.000312806,0
0,1,1,1,0.01532749,0
0,1,1,1,0.007820148,0
0,1,1,1,0.007820148,0
0,1,1,1,0.029097676,0
0,1,1,1,0.240943819,0
0,1,1,1,0.108540046,0
0,1,1,1,0,0
0,1,1,1,0.002277261,0
0,1,1,1,0.001127838,0
0,1,1,1,0.041197857,0
0,1,1,1,0.016708053,0
0,1,1,1,0.017147357,0
0,1,1,1,0.029790555,0
0,1,1,1,0.167437675,0
0,1,1,1,0.065129767,0
0,1,1,1,0.065088439,0
0,1,1,1,0.1644684,0
0,1,1,1,0.020735045,0
0,1,1,1,0.020735045,0
0,1,1,1,0.020735045,0
0,1,1,1,0.020735045,0
0,1,1,1,0.020735045,0
0,1,1,1,0.020735045,0
1,0.152403056,0.278819996,0.014699063,0.020735045,1
1,0.133692147,0.256899999,0.023452799,0.020735045,1
1,0.126643092,0.241966403,0.015977858,0.017009855,1
1,0.100843207,0.313738612,0.076791029,0.201794972,1
1,0.12824702,0.269953863,0.046846488,0.130326371,1
1,0.102920663,0.254068813,0.016995845,0.121514127,1
1,0.100668116,0.345766031,0.098109336,0.078430118,1
1,0.098265369,0.348651754,0.003087513,0.07873021,1
1,0.101855666,0.310198923,0.041141725,0.209001407,1
1,0.095216794,0.277202399,0.035303874,0.369107003,1
1,0.093280118,0.308029189,0.032982417,0.127304706,1
1,0.096221185,0.330989792,0.02456617,0.127020387,1
1,0.09930055,0.281903858,0.052518369,0.315259016,1
1,0.098046633,0.283963058,0.002203193,0.026826641,1
1,0.087638945,0.264774782,0.020530056,0.050209978,1
1,0.091436929,0.27256357,0.008333435,0.023775307,1
1,0.091065287,0.293473128,0.015435171,0.064045817,0
1,0.094859985,0.305370503,0.012729323,0.276464868,0
1,0.09107791,0.270958604,0.036818222,0.093535768,0
0,1,1,1,0.093222985,0
0,1,1,1,0.215577975,0
0,1,1,1,0.007194536,0
0,1,1,1,0.012167306,0
0,1,1,1,0.257522112,0
0,1,1,1,0.25760379,0
0,1,1,1,0.496533451,0
0,1,1,1,0.212793336,0
0,1,1,1,0.049492578,0
0,1,1,1,0.04926569,0
0,1,1,1,0.137890652,0
0,1,1,1,0.027698783,0
0,1,1,1,0.124778589,0
0,1,1,1,0.064047345,0
0,1,1,1,0.06370882,0
0,1,1,1,0.175332947,0
0,1,1,1,0.175332947,0
0,1,1,1,0.242487742,0
0,1,1,1,0.389872262,0
0,1,1,1,0.072771592,0
0,1,1,1,0.305773341,0
0,1,1,1,0.256557873,0
0,1,1,1,0.494908386,0
1,0.062272972,0.092627665,0.014252856,0.104749822,1
1,0.064605484,0.108871591,0.017379817,0.104954192,1
1,0.038117132,0.074823593,0.036428875,0.282038378,1
1,0.039842079,0.037553553,0.039876225,0.146542143,1
1,0.038981027,0.027173086,0.002077355,0.075154835,1
1,0.041060772,0.06394918,0.039347738,0.305853331,1
1,0.037432288,0.06014012,0.004075416,0.057285345,1
1,0.041541123,0.048751194,0.01218532,0.057581783,1
1,0.032064309,0.036259032,0.013365703,0.05744057,1
1,0.037637954,0.05989118,0.025284675,0.180197928,1
1,0.042163967,0.027988582,0.009442981,0.061902386,1
1,0.042813931,0.045720287,0.018971632,0.023168764,1
1,0.048384708,0.008458848,0.020611374,0.023334986,1
1,0.042153832,0.046726256,0.037536646,0.05769637,1
1,0.03868118,0.110262174,0.067978799,0.018739659,1
1,0.041201569,0.182216938,0.03817969,0.163844919,1
1,0.045521762,0.155308358,0.018126578,0.059107076,1
1,0.043981226,0.127979167,0.016458552,0.058748415,1
1,0.054054388,0.168416816,0.013743729,0.173416394,1
1,0.054463794,0.09376132,0.024533217,0.24743284,1
1,0.072448348,0.224762937,0.124192907,0.078634455,1
1,0.074496419,0.264700714,0.042730509,0.078360847,1
1,0.076853898,0.297289597,0.034867729,0.078421385,1
1,0.055729435,0.219566323,0.083158235,0.26455781,1
0,1,1,1,0.244350278,0
0,1,1,1,0.097828268,0
0,1,1,1,0,0
0,1,1,1,0.002121553,0
0,1,1,1,0.000442374,0
0,1,1,1,0.375830936,0
1,0.149034636,0.298527255,0.033139072,0.206526537,1
1,0.145050416,0.026025218,0.011311181,0.443550073,1
1,0.12997738,0.154295282,0.137239614,0.031051404,1
1,0.074656275,0.170672478,0.017522406,0.297098111,1
1,0.092850846,0.175873891,0.005565133,0.147445772,1
1,0.047554616,0.109136711,0.05639777,0.290409422,1
1,0.054039956,0.100021607,0.045672603,0.005630506,1
1,0.027866533,0.134882361,0.018126635,0.27251015,1
1,0.062134076,0.137971346,0.005278238,0.118789256,1
1,0.052201334,0.115464824,0.004683075,0.118633061,1
1,0.056784688,0.133263564,0.011693307,0.319400113,1
1,0.033631015,0.156023405,0.01995208,0.256353941,1
0,1,1,1,0.126225617,0
0,1,1,1,0.131191039,0
0,1,1,1,0.13161734,0
0,1,1,1,0.276471946,0
0,1,1,1,0.012315181,0
0,1,1,1,0.360528731,0
0,1,1,1,0.167924342,0
0,1,1,1,0.511225741,0
0,1,1,1,0.25670314,0
0,1,1,1,0.129340234,0
0,1,1,1,0.129466888,0
1,0.050492159,0.073399289,0.051027431,0.372600167,1
1,0.030839278,0.090235338,0.011908617,0.092669775,1
1,0.032351025,0.065559295,0.023175851,0.034556206,1
1,0.038750117,0.068162995,0.002785769,0.034251891,1
1,0.062262606,0.090522518,0.01859569,0.090815051,1
1,0.02462847,0.130871781,0.043170769,0.432926098,1
1,0.020930916,0.111325903,0.019179527,0.151028578,1
1,0.02961705,0.091477224,0.020891754,0.150451516,1
1,0.022951357,0.1391044,0.050378162,0.342441337,1
1,0.023064851,0.136926484,0.002330212,0.007112466,1
1,0.029717795,0.173476231,0.025438706,0.097542294,1
0,1,1,1,0.047170468,0
0,1,1,1,0.142464465,0
0,1,1,1,0.046901072,0
0,1,1,1,0.016958005,0
0,1,1,1,0.017328996,0
0,1,1,1,0.547741824,0
1,0.064305459,0.103327583,0.043594156,0.228242239,1
1,0.039929456,0.148404925,0.048229469,0.227730869,1
1,0.097094286,0.062075797,0.035239249,0.400413442,1
1,0.074939222,0.038952772,0.03648085,0.146570184,1
1,0.086295257,0.010511303,0.091651098,0.046212773,1
1,0.093133659,0.019152298,0.009245235,0.046035637,1
1,0.078572163,0.03199353,0.013739182,0.097526242,1
1,0.077965751,0.001643536,0.03247228,0.245228665,1
1,0.077008905,0.014677748,0.009989842,0.083454132,1
1,0.077282698,0.024483555,0.005970898,0.083216956,1
1,0.078878414,0.002733218,0.015545341,0.169304305,1
1,0.078090676,0.004491765,0.001881517,0.005092111,1
1,0.07792761,0.005283132,0.000273658,0.002002935,1
0,1,1,1,0.110947368,0
0,1,1,1,0.052145787,0
0,1,1,1,0.052385419,0
0,1,1,1,0.141788403,0
0,1,1,1,0.368488288,0
0,1,1,1,0.165124195,0
0,1,1,1,0.164946032,0
0,1,1,1,0.447049229,0
0,1,1,1,0.695153982,0
0,1,1,1,0.244656022,0
0,1,1,1,0.244578622,0
0,1,1,1,0.244656022,0
0,1,1,1,0.322211805,0
0,1,1,1,0.06572647,0
0,1,1,1,0.024608503,0
0,1,1,1,0.024071833,0
0,1,1,1,0.069665887,0
0,1,1,1,0.036321872,0
0,1,1,1,0.01844229,0
0,1,1,1,0.018487332,0
0,1,1,1,0.040410117,0
0,1,1,1,0.072095487,0
0,1,1,1,0.040604569,0
0,1,1,1,0.113602392,0
0,1,1,1,0.034986751,0
0,1,1,1,0,0
0,1,1,1,0.012338994,0
0,1,1,1,0.017636817,0
0,1,1,1,0.023806154,0
0,1,1,1,0.014286706,0
0,1,1,1,0.014228372,0
0,1,1,1,0.043686569,0
0,1,1,1,0.136559039,0
0,1,1,1,0.053439483,0
0,1,1,1,0.053596717,0
0,1,1,1,0.150227951,0
0,1,1,1,0.126646612,0
0,1,1,1,0.047695466,0
0,1,1,1,0.047872592,0
0,1,1,1,0.103496695,0
0,1,1,1,0.024075897,0
0,1,1,1,0.008072575,0
0,1,1,1,0.007938124,0
0,1,1,1,0.019145153,0
0,1,1,1,0.022439328,0
0,1,1,1,0.008120914,0
0,1,1,1,0.008497734,0
0,1,1,1,0.017376925,0
0,1,1,1,0.013848508,0
0,1,1,1,0.006402977,0
0,1,1,1,0.006831784,0
0,1,1,1,0.011882508,0
0,1,1,1,0.022913967,0
0,1,1,1,0.008281976,0
0,1,1,1,0.008066512,0
0,1,1,1,0.017600719,0
0,1,1,1,0.007623742,0
0,1,1,1,0.003440865,0
0,1,1,1,0.003869195,0
0,1,1,1,0.008222691,0
0,1,1,1,0.008305571,0
0,1,1,1,0.003426617,0
0,1,1,1,0.003205307,0
0,1,1,1,0.014245554,0
0,1,1,1,0.029084222,0
0,1,1,1,0.013465196,0
0,1,1,1,0.013070647,0
0,1,1,1,0.023972038,0
0,1,1,1,0.008048296,0
0,1,1,1,0.002502447,0
0,1,1,1,0.002502447,0
0,1,1,1,0.013348422,0
0,1,1,1,0.022595762,0
0,1,1,1,0.010227366,0
0,1,1,1,0.01013607,0
0,1,1,1,0.011054935,0
0,1,1,1,0.027544688,0
0,1,1,1,0.012555174,0
0,1,1,1,0.012863133,0
0,1,1,1,0.033253196,0
0,1,1,1,0.009752323,0
0,1,1,1,0.003919447,0
0,1,1,1,0.003220534,0
0,1,1,1,0.01001956,0
0,1,1,1,0.02168537,0
0,1,1,1,0.178772343,0
0,1,1,1,0.179045799,0
0,1,1,1,0.380334304,0
0,1,1,1,0.186855393,0
0,1,1,1,0.091700162,0
0,1,1,1,0.091365569,0
0,1,1,1,0.339276914,0
0,1,1,1,0.215491039,0
0,1,1,1,0.417068831,0
0,1,1,1,0.009049773,0
0,1,1,1,0.19372664,0
0,1,1,1,0.097254473,0
0,1,1,1,0.191453064,0
0,1,1,1,0.00688173,0
0,1,1,1,0.011308702,0
0,1,1,1,0.008120914,0
0,1,1,1,0.012327093,0
0,1,1,1,0.096940567,0
0,1,1,1,0.030058679,0
0,1,1,1,0.030122089,0
0,1,1,1,0.030167532,0
0,1,1,1,0.085634011,0
0,1,1,1,0.02165828,0
0,1,1,1,0.002951005,0
0,1,1,1,0.00323569,0
0,1,1,1,0.009310903,0
0,1,1,1,0.017974776,0
0,1,1,1,0,0
0,1,1,1,0.013756349,0
0,1,1,1,0.032726735,0
0,1,1,1,0.022888332,0
0,1,1,1,0.017876523,0
0,1,1,1,0.01748918,0
0,1,1,1,0.022977931,0
0,1,1,1,0.219647671,0
0,1,1,1,0.082671354,0
0,1,1,1,0.082999735,0
0,1,1,1,0.227649434,0
0,1,1,1,0.36230042,0
0,1,1,1,0.3619182,0
0,1,1,1,0.768226744,0
0,1,1,1,0.018239562,0
0,1,1,1,0.132921904,0
1,0.042574445,0.160072629,0.020032465,0.067201602,1
1,0.026444185,0.121953973,0.040784182,0.120472519,1
1,0.032656933,0.124421043,0.002639585,0.010603152,1
1,0.06639764,0.142414396,0.019251576,0.178547522,1
1,0.061878881,0.13277797,0.00023996,0.070343784,1
1,0.060364033,0.12340527,0.000415208,0.070343784,1
1,0.03347658,0.155176101,0.000381874,0.212621983,1
1,0.038315464,0.164479652,0.009954121,0.254867917,1
1,0.076743047,0.164141248,0.000362067,0.093487112,1
1,0.075669841,0.162763185,0.001474427,0.093556688,1
1,0.035642315,0.172914397,0.010861056,0.243687251,1
1,0.048557358,0.182555137,0.010314889,0.4035737,1
1,0.040742441,0.148332869,0.036615331,0.12585609,1
1,0.051245034,0.161244581,0.011946526,0.126163975,1
1,0.064521126,0.173420444,0.011409563,0.126109286,1
1,0.021019732,0.137132621,0.031996977,0.386364438,1
1,0.033135546,0.175606428,0.036161615,0.014837687,1
1,0.028495545,0.159256335,0.013988897,0.007820148,1
1,0.030249797,0.142120623,0.014821851,0.007565766,1
1,0.049556782,0.164767939,0.010274472,0.084314976,0
1,0.049445181,0.175161694,0.010975832,0.08461559,0
1,0.022583893,0.116205976,0.05461531,0.272172244,0
1,0.023067792,0.13915903,0.020507758,0.021428918,0
1,0.031935298,0.344689824,0.219902961,0.179799468,0
1,0.029471539,0.111855506,0.207999691,0.06668711,0
1,0.033418449,0.061015606,0.054394985,0.066598282,0
1,0.029229938,0.515413333,0.48617243,0.196280165,0
1,0.027252748,0.497310937,0.019368243,0.036578235,0
1,0.030716789,0.501626589,0.004617433,0.016581664,0
1,0.034237299,0.507178795,0.005940455,0.016328948,0
1,0.02615638,0.49404833,0.01404864,0.04006603,0
1,0.047150142,0.472422789,0.023137752,0.014392472,0
1,0.039872511,0.481460656,0.009669859,0.006216895,0
1,0.032984549,0.489569731,0.008676118,0.005959753,0
1,0.029445867,0.475373888,0.015188516,0.014190498,0
1,0.045219039,0.527288528,0.00149054,0.263751596,0
1,0.047593964,0.509280104,0.001632736,0.093162613,0
1,0.051434679,0.491690532,0.001168201,0.093162613,0
1,0.032781448,0.531706667,0.003813127,0.219629183,0
1,0.053273788,0.531209228,0.000532223,0.014314075,0
1,0.030439823,0.499744033,0.033665464,0.029425378,0
1,0.015875901,0.512830235,0.014001282,0.022920372,0
1,0.05750107,0.485301899,0.043069612,0.095469369,1
1,0.02375613,0.097332507,0.354070878,0.249252146,1
1,0.016478732,0.243739195,0.12901554,0.110721364,1
1,0.04070605,0.450329979,0.193860815,0.110893116,1
1,0.02697374,0.120627249,0.352757876,0.299338426,1
1,0.034228548,0.03799933,0.001688372,0.028051558,0
1,0.026624435,0.140350659,0.160779758,0.10383366,0
1,0.042490644,0.197786553,0.061452217,0.146820647,0
1,0.040377197,0.07893025,0.105494927,0.047495023,0
1,0.024730934,0.034612345,0.047416927,0.046936525,0
1,0.01763482,0.130982768,0.080112551,0.047221262,0
1,0.03216737,0.248896747,0.126159358,0.149010573,0
1,0.071764809,0.48997472,0.211917696,0.087693954,0
1,0.065561828,0.412348627,0.059852588,0.056163254,0
1,0.026413859,0.583663492,0.137039171,0.437782801,0
1,0.027026619,0.568272574,0.013109362,0.129352716,0
1,0.089202783,0.552443826,0.013776151,0.129029312,0
1,0.043654232,0.59853808,0.038906544,0.342538045,0
1,0.015667761,0.583245781,0.016361645,0.287579236,0
1,0.011926977,0.584321456,0.001150894,0.094838503,0
1,0.0508642,0.592296611,0.008532834,0.095502161,0
1,0.060396028,0.600387652,0.008656824,0.094908119,0
1,0.024450981,0.575443151,0.026688797,0.297302892,0
1,0.046706482,0.552429684,0.008701356,0.234299356,0
1,0.023470379,0.560079848,0.002213176,0.084118041,0
0,1,1,1,0,0
0,1,1,1,0.003280736,0
0,1,1,1,0.069034501,0
0,1,1,1,0.014621795,0
0,1,1,1,0.014764969,0
0,1,1,1,0.013074389,0
0,1,1,1,0.017952989,0
0,1,1,1,0.041484244,0
0,1,1,1,0.041494857,0
0,1,1,1,0.130995857,0
0,1,1,1,0.011304375,0
0,1,1,1,0.020573975,0
0,1,1,1,0.010116745,0
0,1,1,1,0.036864678,0
0,1,1,1,0.015301933,0
0,1,1,1,0.023320305,0
1,0.038561087,0.084734195,0.050827019,0.226972756,1
1,0.039238157,0.085695074,0.00102807,0.01033207,1
1,0.054085685,0.070264737,0.016509335,0.488322594,1
1,0.024704317,0.104020632,0.036116346,0.286654835,1
1,0.05250742,0.076456857,0.029491229,0.270727872,1
1,0.040475569,0.085808995,0.010006106,0.418112818,1
1,0.023878441,0.107819076,0.023549182,0.135792719,1
1,0.022105563,0.094455588,0.014297958,0.134913666,1
1,0.029311002,0.088843001,0.006005058,0.135133241,1
1,0.036635117,0.11324198,0.026105129,0.417579025,1
1,0.032735138,0.098185993,0.016108808,0.086926282,1
1,0.030628042,0.074184698,0.025679635,0.074714791,1
1,0.029391419,0.086162148,0.012814998,0.075368052,1
1,0.03480482,0.08769629,0.00164142,0.213832073,1
1,0.135648283,0.073492948,0.01519654,0.030396946,1
1,0.07148987,0.073826192,0.000356547,0.013523204,1
1,0.030233649,0.075292013,0.001568321,0.01348335,1
1,0.162101041,0.080965905,0.006070651,0.038444598,1
1,0.20689932,0.039041428,0.014569181,0.166976547,1
1,0.204417238,0.029827259,0.009858489,0.064400045,1
1,0.202026343,0.02100133,0.0094431,0.064353688,1
1,0.194108245,0.041123018,0.021528739,0.161993905,1
1,0.009444556,0.030906967,0.007797422,0.161993905,1
1,0.076389241,0.036670769,0.006166848,0.468820101,1
1,0.148515496,0.02806547,0.009207042,0.468658218,1
1,0.037417186,0.075234824,0.00140503,0.468658218,1
1,0.042717477,0.067715576,0.016985319,0.398460346,0
1,0.02868931,0.060922557,0.007268034,0.398227975,0
1,0.008354595,0.04620178,0.003196814,0.468658218,0
1,0.009182385,0.042043157,0.004449424,0.009011851,0
1,0.055807941,0.10818021,0.070761824,0.319010814,0
1,0.03048339,0.028213829,0.010233381,0.170439042,0
0,1,1,1,0.322650013,0
0,1,1,1,0.063481878,0
0,1,1,1,0.063481878,0
1,0.0575312,0.232596282,0.028381997,0.254816275,0
0,1,1,1,0.486813343,0
0,1,1,1,0.015050484,0
0,1,1,1,0.015050484,0
0,1,1,1,0.077273192,0
0,1,1,1,0.169708668,0
0,1,1,1,0.01262512,0
0,1,1,1,0.02134886,0
0,1,1,1,0.00724198,0
0,1,1,1,0.007008528,0
0,1,1,1,0.018843798,0
0,1,1,1,0.041382697,0
0,1,1,1,0.018823016,0
0,1,1,1,0.027480672,0
0,1,1,1,0.005818526,0
0,1,1,1,0.018317184,0
0,1,1,1,0.010039072,0
0,1,1,1,0.030164288,0
0,1,1,1,0.013171321,0
0,1,1,1,0.020315534,0
0,1,1,1,0.016513664,0
0,1,1,1,0.016513664,0
0,1,1,1,0.048822781,0
0,1,1,1,0.00951362,0
0,1,1,1,0.006745303,0
1,0.099569937,0.090218274,0.005630867,0.007105584,0
1,0.098314225,0.09147888,0.001348757,0.019748931,0
1,0.099739,0.087214243,0.004562851,0.01301062,0
1,0.098745183,0.080780877,0.006883233,0.006628238,0
1,0.097632821,0.084416357,0.003889698,0.007043345,0
1,0.100120222,0.081499299,0.003121038,0.017703267,0
1,0.09806652,0.081826891,0.000350499,0.018794404,0
1,0.09840967,0.086217025,0.004697123,0.003894402,0
0,1,1,1,0.00407849,0
0,1,1,1,0.01055691,0
0,1,1,1,0,0
0,1,1,1,0,0
0,1,1,1,0,0
0,1,1,1,0,0
0,1,1,1,0,0
0,1,1,1,0.045916456,0
0,1,1,1,0.197719073,0
0,1,1,1,0.120298583,0
0,1,1,1,0.12004332,0
0,1,1,1,0.270705282,0
0,1,1,1,0.025090856,0
0,1,1,1,0.017393809,0
0,1,1,1,0.017700503,0
0,1,1,1,0.052178614,0
0,1,1,1,0.018204659,0
0,1,1,1,0.003538995,0
0,1,1,1,0.003993639,0
0,1,1,1,0.006425859,0
0,1,1,1,0.091422311,0
0,1,1,1,0.043074181,0
0,1,1,1,0.042697721,0
0,1,1,1,0.101730716,0
0,1,1,1,0,0
0,1,1,1,0,0
0,1,1,1,0,0
0,1,1,1,0,0
0,1,1,1,0,0
0,1,1,1,0,0
0,1,1,1,0,0
0,1,1,1,0,0
0,1,1,1,0.03662101,0
0,1,1,1,0.190521144,0
0,1,1,1,0.19043844,0
0,1,1,1,0.446334581,0
0,1,1,1,0.446334581,0
0,1,1,1,0.34789151,0
0,1,1,1,0.347626745,0
0,1,1,1,0.493382592,0
0,1,1,1,0.026088838,0
0,1,1,1,0.008830883,0
0,1,1,1,0.009098298,0
0,1,1,1,0.006694339,0
0,1,1,1,0.031427266,0
0,1,1,1,0.006716228,0
0,1,1,1,0.006509069,0
0,1,1,1,0.00688173,0
0,1,1,1,0.020581108,0
0,1,1,1,0.033524272,0
0,1,1,1,0.013926013,0
0,1,1,1,0.014665227,0
0,1,1,1,0.036698413,0
0,1,1,1,0.01108587,0
0,1,1,1,0.00425462,0
0,1,1,1,0.004650194,0
0,1,1,1,0.010880971,0
0,1,1,1,0.003714364,0
0,1,1,1,0.000442374,0
0,1,1,1,0,0
0,1,1,1,0.016403681,0
0,1,1,1,0.049732206,0
0,1,1,1,0.015403905,0
0,1,1,1,0.015805213,0
0,1,1,1,0.00809678,0
0,1,1,1,0.01846085,0
0,1,1,1,0.028742421,0
0,1,1,1,0.004597289,0
0,1,1,1,0.004815586,0
0,1,1,1,0.015950035,0
0,1,1,1,0.02033479,0
0,1,1,1,0.006295098,0
0,1,1,1,0.006356967,0
0,1,1,1,0.018277076,0
0,1,1,1,0.068510208,0
0,1,1,1,0.031658369,0
0,1,1,1,0.031724751,0
0,1,1,1,0.0626159,0
0,1,1,1,0.011691579,0
0,1,1,1,0.003753671,0
0,1,1,1,0.003753671,0
0,1,1,1,0.007674908,0
0,1,1,1,0.051586428,0
0,1,1,1,0.020109796,0
0,1,1,1,0.020109796,0
0,1,1,1,0.031724751,0
0,1,1,1,0.04736712,0
0,1,1,1,0.021533683,0
0,1,1,1,0.021217835,0
0,1,1,1,0.049015798,0
0,1,1,1,0,0
0,1,1,1,0,0
0,1,1,1,0.007919613,0
0,1,1,1,0.08136442,0
0,1,1,1,0.030466076,0
0,1,1,1,0.030293763,0
0,1,1,1,0.063290462,0
0,1,1,1,0.594186753,0
0,1,1,1,0.289009813,0
0,1,1,1,0.289030803,0
0,1,1,1,0.369223625,0
0,1,1,1,0.202277342,0
0,1,1,1,0.077931373,0
1,0.050823491,0.017723203,0.009747816,0.078067483,1
1,0.060614993,0.011517662,0.006639477,0.20988158,1
1,0.056878672,0.009131493,0.002553026,0.132031519,1
1,0.0570111,0.010217373,0.001161812,0.0462551,1
1,0.089116885,0.02334253,0.014042961,0.046742248,1
1,0.073369078,0.007531025,0.016917158,0.118237739,1
1,0.067107992,0.00235368,0.005539381,0.029035399,1
1,0.04977467,0.004320122,0.00210395,0.210851142,1
1,0.052898542,0.001375052,0.00315101,0.080830525,1
1,0.066027796,0.002061654,0.000734614,0.080757861,1
1,0.050835834,0.012947841,0.011647426,0.234112188,1
1,0.065040891,0.006906197,0.006464118,0.107965631,1
1,0.041729738,0.006077125,0.000887047,0.059198881,1
1,0.063242854,0.004870727,0.001290758,0.210783146,1
1,0.059546502,0.003373205,0.001602239,0.033807649,1
1,0.056041284,0.000166313,0.00343114,0.033623362,1
1,0.06414908,0.023625275,0.025099378,0.145481992,1
1,0.062701194,0.008694465,0.015974878,0.029010114,1
1,0.055346064,0.03821236,0.031581995,0.073987691,1
1,0.056988908,0.027884638,0.011049909,0.025752876,1
1,0.050778675,0.017896315,0.010686777,0.0254644,1
1,0.044740124,0.036933447,0.020368343,0.076287456,1
1,0.059962713,0.048001207,0.011841696,0.048509128,1
1,0.060109354,0.070986819,0.024592929,0.026793794,1
1,0.060514371,0.050088275,0.022359918,0.026943105,1
1,0.06653676,0.042675385,0.007931252,0.071316318,1
1,0.047216171,0.045291516,0.002799069,0.120245702,1
1,0.04648287,0.04561097,0.000341793,0.041197857,1
1,0.07698283,0.057662819,0.004666253,0.040569613,1
1,0.06162806,0.027597385,0.032167822,0.099018266,1
1,0.059121875,0.031076723,0.003722638,0.044614063,1
1,0.05252903,0.025427641,0.006044105,0.05520116,1
1,0.032891061,0.027004734,0.001687375,0.027250046,1
1,0.036802378,0.028566722,0.001671212,0.027327137,1
1,0.024251274,0.030806318,0.002396205,0.08276303,1
1,0.020060358,0.032684485,0.002009502,0.070471639,1
1,0.018554545,0.044484348,0.012624993,0.027672276,1
1,0.021638811,0.039728894,0.005087989,0.027711144,1
1,0.016029457,0.03328227,0.006897418,0.081873325,1
1,0.023674048,0.021876146,0.01220372,0.059042479,1
1,0.040067881,0.01909436,0.002976308,0.021273102,1
1,0.02973696,0.024789868,0.006093777,0.021273102,1
1,0.019994375,0.030225811,0.005816063,0.021273102,1
1,0.024282578,0.012673167,0.018780048,0.077364308,1
1,0.030446061,0.011987247,0.000733884,0.109627205,1
1,0.025572869,0.004844966,0.00764172,0.035275022,1
1,0.029626171,0.007762045,0.003121062,0.035181975,1
1,0.026532269,0.01678394,0.009652769,0.076515421,1
1,0.020705245,0.036048708,0.020611897,0.253891479,1
1,0.014799247,0.007215427,0.030849508,0.085634011,1
1,0.02075258,0.00474625,0.00264184,0.08524119,1
1,0.007876549,0.034771345,0.032124662,0.163624106,1
1,0.033696261,0.016693109,0.019342395,0.010265564,1
1,0.018158451,0.033458154,0.010837093,0.07978084,0
1,0.032352003,0.032829134,0.000673006,0.158908791,0
1,0.034436869,0.072794254,0.042759764,0.020402045,0
1,0.019948471,0.055204953,0.018819269,0.020657036,0
1,0.022776185,0.07991218,0.026434931,0.046584982,0
1,0.02220918,0.166694042,0.092850263,0.078765622,0
1,0.022087555,0.532702153,0.391601987,0.025061591,0
1,0.032591201,0.39499339,0.147338333,0.024851834,0
1,0.031483332,0.248662834,0.156563024,0.025404771,0
1,0.021592633,0.575753772,0.34996345,0.085310036,0
1,0.021078538,0.581679441,0.006340034,0.097573887,0
1,0.025355076,0.571691495,0.010686374,0.038128975,0
1,0.028175192,0.573649325,0.002094735,0.038098168,0
1,0.018476091,0.567434706,0.006649189,0.134086144,0
1,0.024260129,0.539045933,0.030373917,0.129367465,0
1,0.021374849,0.318656808,0.235800292,0.054862448,0
1,0.025071092,0.444671969,0.134827033,0.05419763,0
1,0.02132317,0.512933401,0.073034754,0.114279093,0
1,0.022386416,0.293218677,0.235078732,0.000312806,0
1,0.017432184,0.3320839,0.041582955,0.063234008,0
0,1,1,1,0,0
0,1,1,1,0.01017461,0
0,1,1,1,0.008138967,0
0,1,1,1,0.019933862,0
0,1,1,1,0.019933862,0
0,1,1,1,0.027965968,0
0,1,1,1,0.026824817,0
0,1,1,1,0.007494297,0
0,1,1,1,0.024416901,0
0,1,1,1,0.009331897,0
0,1,1,1,0.012469152,0
0,1,1,1,0.000312806,0
1,0.04822356,0.044206312,0.017326394,0.026879476,1
1,0.048391599,0.046105675,0.00203218,0.022697297,1
1,0.047992743,0.065750601,0.021018638,0.037761517,1
1,0.04623498,0.00237765,0.067804436,0.009378963,1
1,0.056227619,0.010649507,0.008850284,0.009373745,1
1,0.050448909,0.054671504,0.047100326,0.022802672,1
1,0.047927619,0.032989687,0.023197963,0.011774972,1
1,0.048508165,0.024353973,0.009239584,0.005187299,1
1,0.054522604,0.029081764,0.005058391,0.004618524,1
1,0.049362785,0.052673152,0.025241064,0.024498914,1
1,0.048111709,0.051772261,0.000963887,0.021136979,1
1,0.051532958,0.065410606,0.014592034,0.019104223,1
1,0.050433378,0.070378781,0.005315585,0.011845395,1
1,0.051139637,0.067755143,0.001708678,0.004489609,0
1,0.049633117,0.068603053,0.000907203,0.014149066,0
1,0.048301556,0.03504547,0.035904167,0.013745676,0
1,0.048530718,0.05100968,0.01708054,0.004522183,0
1,0.048765109,0.111043656,0.064231977,0.004114319,0
1,0.048240271,0.04220666,0.073650566,0.010473161,0
1,0.04955092,0.272275843,0.246157248,0.012139127,0
1,0.048975002,0.235267748,0.039595962,0.005534102,0
1,0.048409303,0.335460444,0.107198878,0.005196722,0
1,0.04873951,0.315619179,0.021228707,0.00899555,0
1,0.048842241,0.411087067,0.102143677,0.006153617,0
1,0.048039946,0.403935335,0.007651832,0.010421649,0
1,0.047258002,0.415785495,0.012678807,0.01020342,0
1,0.049715928,0.413186673,0.00278055,0.027046408,0
1,0.049321754,0.410797764,0.002555958,0.005234244,0
1,0.049729842,0.415218446,0.004729808,0.002951005,0
1,0.050163213,0.41476322,0.000487059,0.003325172,0
1,0.048140929,0.413539513,0.001309277,0.015137997,0
1,0.085996096,0.476435191,0.067293789,0.032323614,0
0,1,1,1,0.0204308,0
0,1,1,1,0.020847992,0
0,1,1,1,0.063812407,0
0,1,1,1,0.052320939,0
0,1,1,1,0.028246218,0
0,1,1,1,0.027937964,0
0,1,1,1,0.065693711,0
0,1,1,1,0.157540562,0
0,1,1,1,0.053666046,0
0,1,1,1,0,0
0,1,1,1,0,0
0,1,1,1,0,0
0,1,1,1,0,0
0,1,1,1,0,0
0,1,1,1,0,0
1,0.088600515,0.103889949,0.025292118,0.018142743,1
1,0.088084339,0.105578954,0.001807112,0.01550205,1
1,0.087582069,0.113733056,0.008724294,0.015953102,1
1,0.090550315,0.103941709,0.010476027,0.035191708,1
1,0.081674649,0.091169102,0.013665758,0.044231907,1
1,0.08350121,0.10629478,0.016183373,0.020214137,1
1,0.087472394,0.080151182,0.027971744,0.035092864,1
1,0.086718551,0.095159661,0.016057979,0.007732066,1
1,0.081893231,0.067896594,0.029169494,0.008090736,1
1,0.082010106,0.059280431,0.009218665,0.049327221,1
1,0.082570632,0.070720979,0.012240551,0.000312806,1
1,0.092469594,0.020233454,0.05401797,0.052263868,1
1,0.084356362,0.049493024,0.031305606,0.005647858,1
1,0.057971595,0.017662064,0.034056805,0.031913869,1
1,0.081318988,0.009056703,0.009207109,0.029964129,1
1,0.054166427,0.02961815,0.021999249,0.000938418,1
1,0.052624492,0.071303585,0.044600375,0.014423033,1
1,0.058417224,0.063353925,0.008505557,0.014283281,1
1,0.06342557,0.038850343,0.026217045,0.025477845,1
1,0.057981188,0.045546852,0.007164776,0.010876474,1
1,0.067171265,0.057593211,0.012888726,0.014446758,1
1,0.05805918,0.042127233,0.016547468,0.008036129,1
1,0.05767142,0.028780473,0.01428006,0.006687027,1
1,0.057404344,0.056790652,0.029968849,0.007057223,1
0,1,1,1,0,0
0,1,1,1,0.014483961,0
0,1,1,1,0.045075538,0
0,1,1,1,0.018571822,0
0,1,1,1,0.017658995,0
0,1,1,1,0.003753671,0
0,1,1,1,0.004066477,0
0,1,1,1,0.014242119,0
0,1,1,1,0.056725781,0
0,1,1,1,0.016581664,0
0,1,1,1,0.03272524,0
0,1,1,1,0.10776561,0
0,1,1,1,0.084569322,0
0,1,1,1,0.226921018,0
0,1,1,1,0.030011441,0
0,1,1,1,0.030246892,0
1,0.238306805,0.193372281,0.04054596,0.081896627,1
1,0.268076376,0.185592694,0.062458084,0.02229716,1
1,0.278126096,0.242628995,0.061024682,0.013468828,1
1,0.288472913,0.251049473,0.009009298,0.013366735,1
1,0.248992142,0.1660613,0.090931148,0.032612923,1
1,0.066894683,0.115078538,0.065267113,0.061141355,1
1,0.249388482,0.204687899,0.015805542,0.027275169,1
1,0.253834086,0.218496741,0.014774454,0.026983023,1
1,0.029627048,0.115070873,0.00392249,0.064459273,1
1,0.025185492,0.113593123,0.001581084,0.018466149,1
1,0.02235362,0.112169402,0.001523278,0.019109344,1
1,0.025674777,0.114876158,0.002896032,0.045918587,1
1,0.020677655,0.084613273,0.03237908,0.025881736,1
1,0.038141532,0.095247344,0.011377681,0.004066477,1
1,0.038805738,0.106156564,0.011672069,0.004379283,1
1,0.02744429,0.091205233,0.015996833,0.008405113,1
1,0.028367758,0.058253033,0.035256451,0.041128923,1
1,0.047685035,0.108917471,0.054207254,0.015266723,1
1,0.046423347,0.105192438,0.003985513,0.015095924,1
1,0.033670352,0.064713142,0.043309895,0.018791801,1
1,0.051603084,0.063057706,0.001771196,0.017486382,1
1,0.037406399,0.100029444,0.039557064,0.01001956,1
1,0.043943376,0.105443668,0.005792824,0.01070875,1
1,0.019444103,0.061151794,0.047389074,0.039752205,1
1,0.02010044,0.083101997,0.023485116,0.007295825,1
1,0.034785262,0.120413065,0.039920123,0.043560961,1
1,0.024500769,0.098245828,0.023717327,0.018812617,1
1,0.040743717,0.115271232,0.01821594,0.096208034,1
1,0.089415529,0.183432529,0.072927617,0.104145581,1
1,0.035931595,0.068775677,0.12267447,0.042421833,1
1,0.043312635,0.096048554,0.02917999,0.041851748,1
1,0.050846328,0.115247779,0.020541771,0.042026729,1
1,0.04131147,0.06479409,0.053981767,0.133460761,1
1,0.028503121,0.037757428,0.028927257,0.02016082,1
1,0.027940063,0.045771778,0.00857477,0.014807982,1
1,0.029551634,0.055476916,0.01038379,0.015189618,1
1,0.041090356,0.042110533,0.014301055,0.031801764,1
1,0.037937464,0.040662914,0.001548847,0.00878645,1
1,0.036040127,0.040479624,0.000196106,0.009742285,1
1,0.030699855,0.042848028,0.002909162,0.003831074,0
1,0.293756426,0.305268857,0.004547176,0.037731707,0
1,0.294524721,0.317359507,0.012936113,0.01949712,0
1,0.133243594,0.03641089,0.009577499,0.019547241,0
1,0.290999437,0.304582179,0.009878741,0.037731707,0
0,1,1,1,0,0
0,1,1,1,0,0
0,1,1,1,0,0
0,1,1,1,0,0
0,1,1,1,0,0
0,1,1,1,0,0
0,1,1,1,0,0
0,1,1,1,0,0
0,1,1,1,0.021689882,0
0,1,1,1,0.028330961,0
0,1,1,1,0.000312806,0
0,1,1,1,0,0
0,1,1,1,0.000312806,0
0,1,1,1,0.010566174,0
0,1,1,1,0.006049378,0
0,1,1,1,0.019884715,0
0,1,1,1,0.027194332,0
0,1,1,1,0.050502416,0
0,1,1,1,0.012054194,0
0,1,1,1,0.022753271,0
0,1,1,1,0,0
0,1,1,1,0.028605926,0
0,1,1,1,0.018731825,0
0,1,1,1,0.026402005,0
0,1,1,1,0,0
0,1,1,1,0,0
0,1,1,1,0,0
0,1,1,1,0,0
0,1,1,1,0,0
0,1,1,1,0,0
1,0.23455405,0.318795339,0.010116734,0,1
1,0.077190785,0.036156307,0.20700411,0,1
1,0.064519619,0.020044566,0.017238388,0.04382633,1
1,0.069532979,0.019601176,0.000474394,0.023769133,1
1,0.065290807,0.012059985,0.008068525,0.023692854,1
1,0.052861474,0.003435931,0.009227109,0.061960054,1
1,0.065333005,0.070173511,0.071404343,0,1
1,0.064627142,0.127732622,0.061584051,0,1
1,0.05653698,0.11644162,0.012080548,0,1
1,0.062365827,0.108909767,0.008058534,0,1
1,0.061865033,0.132998483,0.02577317,0,1
1,0.066553526,0.134317487,0.001411238,0.058594986,1
1,0.078834261,0.135701226,0.0014805,0.029834863,1
1,0.07674315,0.130140987,0.005949051,0.039150756,1
1,0.073866468,0.122753194,0.0079044,0.034626922,1
1,0.070979522,0.126301185,0.003796092,0.034591582,1
1,0.123608951,0.138959843,0.013543841,0.077445842,1
1,0.070059546,0.372049335,0.001015769,0.156021181,1
1,0.111703817,0.089101278,0.041391698,0.057017405,0
0,1,1,1,0.056731818,0
0,1,1,1,0.179128574,0
0,1,1,1,0.200570069,0
0,1,1,1,0.073734664,0
0,1,1,1,0.073695507,0
0,1,1,1,0.342448623,0
0,1,1,1,0.111473952,0
1,0.066651289,0.163737175,0.055488535,0.111956991,1
1,0.052222119,0.240263806,0.144560234,0.34144682,0
1,0.061527662,0.289344079,0.052512313,0.126616864,0
1,0.061300156,0.027909972,0.022510574,0.05178804,0
1,0.066862483,0.246846283,0.022958969,0.051938029,0
1,0.073048876,0.164446875,0.134105377,0.128153495,0
1,0.05757981,0.309471555,0.067100903,0.125897677,0
1,0.069382663,0.370658861,0.065465955,0.043936706,0
1,0.07327656,0.375389554,0.005061497,0.044239648,0
1,0.069679272,0.361660043,0.014689576,0.105972901,0
1,0.069616216,0.368104431,0.006895026,0,0
1,0.054743607,0.422520562,0.020147507,0,0
0,1,1,1,0,0
0,1,1,1,0.046541904,0
0,1,1,1,0.046618577,0
0,1,1,1,0.107540199,0
0,1,1,1,0.013204708,0
0,1,1,1,0.012798312,0
0,1,1,1,0.012916271,0
0,1,1,1,0.034753849,0
1,0.009980297,0.130665856,0.055955918,0.029764268,1
1,0.029121296,0.174878955,0.027959094,0.025493202,1
1,0.049449204,0.226260746,0.026967169,0.025310232,1
0,1,1,1,0.300601438,0
0,1,1,1,0.104715255,0
0,1,1,1,0.104917827,0
0,1,1,1,0.248015838,0
0,1,1,1,0.007389109,0
0,1,1,1,0.157111111,0
0,1,1,1,0.07101521,0
0,1,1,1,0.070944216,0
1,0.065190831,0.21216662,0.196700126,0.208614577,0
1,0.06415937,0.116433314,0.102427657,0.080204071,0
1,0.066705964,0.16640969,0.053471078,0.028998306,0
1,0.069384928,0.204840296,0.041117946,0.02909095,0
1,0.052244021,0.05545832,0.15982782,0.071200288,0
1,0.058272202,0.120940798,0.070061476,0.098932258,0
1,0.058825379,0.104740784,0.017332834,0.038713444,0
1,0.060520834,0.047551648,0.061188204,0.038842132,0
1,0.051156168,0.002280749,0.048436561,0.039015563,0
1,0.194527639,0.006500978,0.004515337,0.039015563,0
1,0.100836066,0.131338172,0.133566694,0.075176314,0
1,0.239060766,0.37059257,0.119890908,0.028959476,0
1,0.238856956,0.411834288,0.044125631,0.029338794,0
1,0.056884634,0.074974977,0.060477122,0.079878896,0
1,0.06003122,0.034173959,0.043654114,0.044498772,0
1,0.056601725,0.03638237,0.002362839,0.015257106,0
0,1,1,1,0.015173505,0
0,1,1,1,0.002402708,0
0,1,1,1,0.023149751,0
0,1,1,1,0.29985494,0
0,1,1,1,0.114740518,0
1,0.056805945,0.138046929,0.048315537,0.114506193,1
1,0.070023701,0.078854133,0.063331975,0.266436282,1
1,0.069473826,0.054371909,0.026194195,0.013613348,1
1,0.067142818,0.071236138,0.018043495,0.095643446,1
1,0.065268244,0.028707429,0.045502616,0.042088382,1
1,0.067658198,0.015475897,0.014156775,0.041879794,1
1,0.066066083,0.005598161,0.010568456,0.109928027,1
1,0.067427385,0.025035236,0.020796252,0.104429401,1
1,0.061069821,0.120858686,0.102524104,0.035830958,1
1,0.064535246,0.081843365,0.041743548,0.036101651,1
1,0.062765145,0.046450992,0.037867258,0.036103007,1
1,0.065070239,0.12693008,0.086106755,0.116187503,1
1,0.067435047,0.165436689,0.041199264,0.049662311,1
1,0.063679767,0.143560821,0.023405583,0.022548078,1
1,0.060293747,0.124096462,0.020825445,0.022697297,1
1,0.062143335,0.139952869,0.0169652,0.02314341,1
1,0.077157359,0.141618575,0.001782184,0.150997801,1
1,0.074272094,0.11972237,0.023427343,0.052850316,1
1,0.071903606,0.127441186,0.00825857,0.05282439,1
1,0.069147406,0.070167914,0.061278224,0.121520569,1
1,0.083016707,0.119681415,0.052975835,0.009792374,1
1,0.072187038,0.004370525,0.123374243,0.119348472,1
1,0.074668432,0.02027797,0.017019807,0.05169727,1
1,0.077823604,0.053163864,0.035185508,0.0520312,1
1,0.070723206,0.033706443,0.020818021,0.15400792,1
1,0.066027008,0.059817207,0.027936613,0.061003569,1
1,0.068597214,0.019267328,0.043385414,0.028389614,1
1,0.072043563,0.020791621,0.001630883,0.02864865,1
1,0.060439511,0.060114514,0.042072628,0.073422152,1
1,0.06933473,0.0696583,0.010211154,0.048726487,1
1,0.065944932,0.05051218,0.020484951,0.020151111,1
1,0.062543315,0.055135901,0.004947044,0.020552563,1
1,0.073528279,0.1077639,0.056308121,0.156265262,1
1,0.07237054,0.082086696,0.027472737,0.031550008,1
1,0.070317236,0.060070959,0.023555233,0.031608879,1
1,0.070317477,0.074737661,0.015692302,0.08645788,1
1,0.069767779,0.049192061,0.027331929,0,1
1,0.068764291,0.051647236,0.002626857,0,1
1,0.068969933,0.058635775,0.007477227,0,1
1,0.064623556,0.008593287,0.053541813,0,1
1,0.064120738,0.026034469,0.018660794,0,1
1,0.059962072,0.017066083,0.00959552,0,1
1,0.063295294,0.016682041,0.000410897,0,1
1,0.067137733,0.016337674,0.000368447,0,1
1,0.063311383,0.037832212,0.022997588,0,1
1,0.057016195,0.024953099,0.013779711,0,1
1,0.058510015,0.025017546,0.020551094,0,1
1,0.059126788,0.015379724,0.010311767,0,1
1,0.062351959,0.039203692,0.020195513,0.099747818,1
1,0.059179933,0.038157702,0.001119133,0,1
1,0.065627849,0.035767727,0.002300999,0,1
1,0.061267304,0.270878523,0.251551405,0.212846669,1
1,0.049138309,0.21271298,0.062232888,0.077767979,1
1,0.056036665,0.05060904,0.173439394,0.077531077,1
1,0.041122394,0.069189064,0.019879271,0,1
1,0.10594694,0.133919976,0.069257355,0.144400168,1
1,0.098084351,0.517574666,0.015363473,0.067886091,1
1,0.086371489,0.521636862,0.004346254,0,1
1,0.063916119,0.108650469,0.911815437,0,1
1,0.058963979,0.097204425,0.012246432,0.035039848,1
1,0.053107382,0.084852303,0.01321587,0.035175022,1
1,0.063051524,0.149164258,0.068809102,0.16002522,1
1,0.075957094,0.07767408,0.039980956,0.056083056,1
1,0.07529319,0.107605641,0.012194213,0.067509575,1
1,0.070519102,0.140608681,0.035310847,0.067331791,1
1,0.074101388,0.123449859,0.018358689,0.179335207,1
1,0.070732556,0.103200736,0.021665085,0.250376857,1
1,0.071034032,0.050347986,0.056548588,0.08854894,1
1,0.073218887,0.058701549,0.008937703,0.088433944,1
1,0.070333519,0.102310488,0.046658385,0.196523287,1
1,0.067899097,0.072849412,0.031521203,0.007441889,1
1,0.068822822,0.077474627,0.004948643,0.068575875,1
1,0.069181696,0.083096154,0.006014623,0.034072879,1
1,0.070273929,0.087666163,0.004889577,0.033952053,1
1,0.065491079,0.089763541,0.002244042,0.091211759,1
1,0.064391047,0.117569578,0.029750432,0.026724318,1
1,0.065763612,0.110814142,0.007227825,0.007826401,1
1,0.066604072,0.103840076,0.007461742,0.007591588,1
1,0.062881313,0.078578639,0.027027895,0.019629662,1
0,1,1,1,0,0
0,1,1,1,0.001251224,0
0,1,1,1,0.00156403,0
0,1,1,1,0.022804817,0
0,1,1,1,0.0105893,0
0,1,1,1,0.009941127,0
0,1,1,1,0.030039141,0
0,1,1,1,0.06093456,0
0,1,1,1,0.024796652,0
0,1,1,1,0.025004915,0
0,1,1,1,0.064387129,0
0,1,1,1,0.026390885,0
0,1,1,1,0.017297913,0
0,1,1,1,0.017297913,0
0,1,1,1,0.041413424,0
0,1,1,1,0.056431782,0
0,1,1,1,0.016862531,0
0,1,1,1,0.016743154,0
0,1,1,1,0.049522225,0
0,1,1,1,0.087922949,0
0,1,1,1,0.051309706,0
0,1,1,1,0.051444925,0
0,1,1,1,0.136334584,0
0,1,1,1,0.074584371,0
0,1,1,1,0.03086017,0
0,1,1,1,0.0312399,0
0,1,1,1,0.088336523,0
0,1,1,1,0.135696489,0
0,1,1,1,0.054587993,0
1,0.166584227,0.137048957,0.051847036,0.054830335,0
1,0.169252374,0.222505741,0.091432526,0.139866225,0
1,0.171890064,0.187980477,0.036939514,0.025498959,0
1,0.171067493,0.200702794,0.013611951,0.009384177,0
1,0.166200122,0.214978798,0.015274283,0.009696983,0
1,0.168001314,0.181337358,0.035993887,0.02890198,0
1,0.166711164,0.201836168,0.021932232,0.016415606,0
1,0.168429633,0.261852249,0.06421283,0.004266104,0
1,0.162991139,0.217132235,0.047847154,0.004345639,0
1,0.164816894,0.305596459,0.094650269,0.008468899,0
1,0.166131494,0.278595748,0.028888792,0.064015255,0
1,0.167211503,0.231327387,0.0505737,0.026914036,0
1,0.150449882,0.272855002,0.04443152,0.026970328,0
1,0.152026822,0.177808542,0.101692781,0.069344916,0
1,0.160045055,0.180925376,0.003334785,0.03508171,0
1,0.163070067,0.157316188,0.025260109,0.021074392,0
0,1,1,1,0.021074392,0
0,1,1,1,0.053372609,0
0,1,1,1,0.118603364,0
0,1,1,1,0.041904319,0
0,1,1,1,0.041253633,0
0,1,1,1,0.100879301,0
0,1,1,1,0.013025653,0
0,1,1,1,0.414208303,0
1,0.132060154,0.284272899,0.150845084,0.221964837,0
1,0.138001381,0.440790962,0.167462913,0.222018391,0
1,0.149680962,0.085376663,0.380267381,0.657384161,0
1,0.144573006,0.097373157,0.012835373,0.125860755,0
0,1,1,1,0.051083227,0
0,1,1,1,0.051122478,0
0,1,1,1,0.145255831,0
0,1,1,1,0.012461302,0
0,1,1,1,0.011099101,0
0,1,1,1,0.054987152,0
0,1,1,1,0.015980678,0
0,1,1,1,0.016096592,0
0,1,1,1,0.039859133,0
0,1,1,1,0.154439981,0
0,1,1,1,0.06390128,0
0,1,1,1,0.063301283,0
0,1,1,1,0.177927458,0
0,1,1,1,0.489455302,0
0,1,1,1,0.19063769,0
0,1,1,1,0.19090722,0
1,0.123355223,0.432704947,0.254760149,0.468272857,0
1,0.122512575,0.315986914,0.124879784,0.021965569,0
1,0.121722464,0.417562002,0.108677936,0.014460297,0
1,0.122350802,0.435403268,0.019088854,0.014131767,0
1,0.124509071,0.380659882,0.05857143,0.034540629,0
1,0.124697237,0.392266218,0.012417932,0.015403905,0
1,0.124227483,0.383296656,0.009596777,0.006817447,0
1,0.123846671,0.379478028,0.004085653,0.006817447,0
1,0.123554095,0.388253954,0.009389601,0.024693843,0
1,0.126542724,0.417484366,0.031274409,0.008908106,0
1,0.125377613,0.436671382,0.020528708,0.00400587,0
1,0.124143155,0.411034825,0.027429247,0.004522183,0
0,1,1,1,0.015795924,0
0,1,1,1,0.02019961,0
0,1,1,1,0.011063782,0
0,1,1,1,0.011023912,0
0,1,1,1,0,0
0,1,1,1,0.011616013,0
0,1,1,1,0.062809371,0
0,1,1,1,0.02936213,0
0,1,1,1,0.021465416,0
0,1,1,1,0.008830883,0
0,1,1,1,0.009076763,0
0,1,1,1,0.027163731,0
0,1,1,1,0.024608503,0
0,1,1,1,0.013950583,0
0,1,1,1,0.018500559,0
0,1,1,1,0.006708939,0
0,1,1,1,0.005951538,0
0,1,1,1,0.020798653,0
0,1,1,1,0.313431214,0
0,1,1,1,0.115941334,0
0,1,1,1,0.116427689,0
0,1,1,1,0.285970137,0
0,1,1,1,0.289321967,0
0,1,1,1,0.099133816,0
0,1,1,1,0.099632489,0
1,0.200398891,0.475052235,0.144282381,0.211519257,0
1,0.201707807,0.38303779,0.098448746,0.016376816,0
1,0.201435878,0.421977484,0.041662633,0.012794488,0
1,0.203605632,0.406748875,0.0162935,0.007282401,0
0,1,1,1,0.007335949,0
0,1,1,1,0.018760533,0
0,1,1,1,0.013710037,0
0,1,1,1,0.006169497,0
0,1,1,1,0.006169497,0
0,1,1,1,0.024528851,0
0,1,1,1,0,0
0,1,1,1,0,0
0,1,1,1,0,0
0,1,1,1,0,0
0,1,1,1,0,0
0,1,1,1,0,0
0,1,1,1,0,0
0,1,1,1,0,0
0,1,1,1,0,0
0,1,1,1,0,0
0,1,1,1,0,0
0,1,1,1,0,0
0,1,1,1,0,0
0,1,1,1,0,0
0,1,1,1,0,0
1,0.150334827,0.011864569,0.008650117,0,0
1,0.163848326,0.029627062,0.019004573,0,0
1,0.163176849,0.016365745,0.014188642,0,0
1,0.162607432,0.029388396,0.013933286,0.021240881,0
1,0.168362779,0.018635823,0.011504469,0.01138201,0
1,0.166745891,0.012705603,0.006344903,0.019904389,0
1,0.166349867,0.045232872,0.034801806,0.011278378,0
1,0.164886577,0.003297882,0.044867381,0.007228457,0
1,0.179153547,0.030002056,0.028571518,0.003383513,0
1,0.175755174,0.058220385,0.030191555,0.003280736,0
1,0.172607523,0.009420701,0.052212104,0.009305647,0
1,0.172170465,0.014205511,0.005119399,0.057755697,0
0,1,1,1,0.029566365,0
0,1,1,1,0.029775771,0
0,1,1,1,0.075768799,0
0,1,1,1,0.305865008,0
0,1,1,1,0.11098308,0
0,1,1,1,0.110684241,0
0,1,1,1,0.287312019,0
0,1,1,1,0.736419134,0
0,1,1,1,0.262562696,0
0,1,1,1,0.262432231,0
0,1,1,1,0.619060291,0
0,1,1,1,0.039271783,0
0,1,1,1,0.453434373,0
0,1,1,1,0.197636163,0
0,1,1,1,0.197385241,0
0,1,1,1,0.352372912,0
0,1,1,1,0.138611145,0
0,1,1,1,0.067648573,0
0,1,1,1,0.067728079,0
0,1,1,1,0.181308741,0
1,0.197202132,0.255747621,0.010093001,0.115747065,0
1,0.208188131,0.251793842,0.004230255,0.049802002,0
1,0.233653438,0.246913801,0.005221288,0.049245825,0
1,0.197418391,0.254264099,0.007864283,0.122261103,0
1,0.259486316,0.289399004,0.037591786,0.118164064,0
1,0.216647769,0.269461442,0.021331737,0.047670841,0
1,0.194738068,0.255761296,0.014658157,0.046737014,0
1,0.278184817,0.42830919,0.041756111,0.11615676,0
1,0.274364384,0.467282645,0.041698755,0.117603376,0
1,0.274096632,0.439726315,0.029483263,0.042080244,0
0,1,1,1,0,0
0,1,1,1,0.00323569,0
0,1,1,1,0.006240458,0
0,1,1,1,0.162746878,0
0,1,1,1,0.162542634,0
0,1,1,1,0.361032369,0
0,1,1,1,0.695511412,0
0,1,1,1,0.247223755,0
0,1,1,1,0.246781664,0
1,0.122803701,0.201289589,0.020307181,0.540146347,0
1,0.125769573,0.212692064,0.012199817,0.023713494,0
1,0.143387994,0.238016509,0.027095309,0,0
1,0.134121088,0.209261743,0.030765502,0,0
1,0.138142905,0.197917461,0.012137555,0,0
1,0.164826613,0.260558506,0.067021351,0,0
1,0.155799209,0.286977179,0.173984458,0,0
0,1,1,1,0,0
0,1,1,1,0,0
0,1,1,1,0,0
0,1,1,1,0,0
0,1,1,1,0,0
0,1,1,1,0.129768091,0
0,1,1,1,0.041501931,0
0,1,1,1,0.041303412,0
1,0.148198458,0.243283573,0.04248775,0.150641625,0
1,0.156326203,0.256646872,0.014297755,0.062886438,0
1,0.170492722,0.247579075,0.009701881,0.062530677,0
1,0.158913462,0.54019724,0.089818337,0,0
1,0.144765086,0.226795623,0.102266643,0.028135149,0
1,0.160105667,0.508852945,0.047424211,0.083639178,0
1,0.164579337,0.544500315,0.038140087,0,0
1,0.15506443,0.507780989,0.039287001,0,0
0,1,1,1,0.077086827,0
0,1,1,1,0.033586966,0
0,1,1,1,0.033791727,0
0,1,1,1,0.073195247,0
1,0.151400868,0.355524682,0.12270507,0.205538242,0
0,1,1,1,0.073001154,0
0,1,1,1,0.073023936,0
0,1,1,1,0.184594188,0
0,1,1,1,0.020810411,0
0,1,1,1,0.248296776,0
0,1,1,1,0.099007396,0
0,1,1,1,0.098532373,0
0,1,1,1,0.29303437,0
0,1,1,1,0.041337748,0
0,1,1,1,0.017678378,0
0,1,1,1,0.017928446,0
0,1,1,1,0.036770332,0
0,1,1,1,0.055005833,0
0,1,1,1,0.020490578,0
0,1,1,1,0.020552563,0
0,1,1,1,0.048145698,0
0,1,1,1,0.055574793,0
0,1,1,1,0.021240881,0
0,1,1,1,0.021190148,0
0,1,1,1,0.048470788,0
0,1,1,1,0.008836421,0
0,1,1,1,0.205408952,0
0,1,1,1,0.0870354,0
0,1,1,1,0.0870354,0
0,1,1,1,0.24074048,0
0,1,1,1,0.032545347,0
0,1,1,1,0.01328965,0
0,1,1,1,0.012798312,0
0,1,1,1,0.031655279,0
0,1,1,1,0.0407525,0
0,1,1,1,0.014850871,0
0,1,1,1,0.0145177,0
0,1,1,1,0.04141933,0
0,1,1,1,0.017570116,0
0,1,1,1,0.201394787,0
0,1,1,1,0.098119891,0
0,1,1,1,0.098304702,0
0,1,1,1,0.325554023,0
0,1,1,1,0,0
0,1,1,1,0,0
0,1,1,1,0.05096817,0
0,1,1,1,0.05096817,0
0,1,1,1,0,0
0,1,1,1,0,0
0,1,1,1,0,0
0,1,1,1,0.578676231,0
0,1,1,1,0.239368684,0
0,1,1,1,0.239830153,0
1,0.15512569,0.11737148,0.019389156,0.385198226,0
0,1,1,1,0,0
0,1,1,1,0.003143661,0
0,1,1,1,0.022506815,0
0,1,1,1,0,0
0,1,1,1,0.034636811,0
0,1,1,1,0.017653453,0
0,1,1,1,0.01698395,0
0,1,1,1,0.046609131,0
0,1,1,1,0.088597547,0
0,1,1,1,0.040598544,0
0,1,1,1,0.040322854,0
0,1,1,1,0.108370434,0
0,1,1,1,0.158912178,0
1,0.202656381,0.454561108,0.013121477,0.140668441,0
1,0.15491003,0.113194593,0.088223707,0.140813049,0
1,0.203962759,0.457968325,0.016494697,0.158912178,0
1,0.123083817,0.021764929,0.298413548,0.158912178,0
1,0.336952645,0.138448527,0.12484294,0.158912178,0
1,0.201763506,0.483529554,0.027249253,0.158912178,0
1,0.207908019,0.118274509,0.15196787,0.158912178,0
1,0.197251211,0.090370902,0.029854824,0,0
1,0.200440031,0.103243302,0.013772529,0,0
1,0.203049831,0.115870766,0.013510465,0,0
1,0.197272168,0.103653741,0.013071326,0,0
1,0.181571126,0.309610676,0.220358901,0,0
1,0.229616992,0.254978835,0.058452086,0,0
1,0.238546705,0.172376219,0.088378775,0,0
1,0.221269384,0.339133838,0.178418492,0,0
1,0.219573356,0.21193354,0.136095043,0.057742142,0
1,0.219998132,0.310771454,0.10574936,0.047850104,0
1,0.219182651,0.106541166,0.218511514,0.047850104,0
1,0.21806498,0.122983605,0.01759221,0.033617541,0
1,0.217084966,0.1405711,0.018817338,0.033768554,0
1,0.22002189,0.092264611,0.051684421,0.047850104,0
1,0.213002727,0.121369907,0.031140544,0,0
1,0.216830529,0.059660464,0.066024605,0,0
1,0.220916456,0.073976789,0.015317424,0,0
0,1,1,1,0,0
0,1,1,1,0,0
0,1,1,1,0.018634938,0
0,1,1,1,0.018947365,0
1,0.26762538,0.300685008,0.269422512,0.018947365,0
1,0.267763754,0.345837365,0.048309729,0,0
1,0.26787212,0.350663098,0.005163183,0,0
1,0.460014175,0.749234042,0.426441843,0,0
1,0.244798679,0.453183332,0.028965619,0,0
1,0.308566829,0.643146044,0.059978049,0,0
1,0.450749377,0.520560596,0.030051873,0,0
1,0.309856114,0.481234859,0.042075671,0,0
1,0.642386587,0.529647035,0.051797498,0,0
1,0.256694811,0.550736811,0.022564522,0,0
1,0.43756927,0.525023686,0.027511169,0,0
1,0.642606633,0.527754023,0.002921262,0,0
0,1,1,1,0,0
0,1,1,1,0,0
0,1,1,1,0,0
0,1,1,1,0,0
1,0.261625983,0.576799638,0.003522208,0.733112832,0
1,0.231005482,0.577575777,0.000830413,0.47713936,0
1,0.244574226,0.577147608,0.00045811,0,0
1,0.178466416,0.124935623,0.672311865,0,0
0,1,1,1,0.172179128,0
0,1,1,1,0.053234016,0
0,1,1,1,0.053535524,0
0,1,1,1,0.053722538,0
0,1,1,1,0.16430769,0
0,1,1,1,0.169492608,0
0,1,1,1,0.086990419,0
0,1,1,1,0.405938444,0
0,1,1,1,0.119189726,0
0,1,1,1,0.11858315,0
0,1,1,1,0.253508497,0
0,1,1,1,0.178370699,0
0,1,1,1,0.070969037,0
0,1,1,1,0.071044827,0
0,1,1,1,0.191825533,0
0,1,1,1,0,0
0,1,1,1,0,0
0,1,1,1,0,0
0,1,1,1,0,0
0,1,1,1,0,0
0,1,1,1,0,0
0,1,1,1,0,0
0,1,1,1,0,0
0,1,1,1,0,0
0,1,1,1,0.074967773,0
0,1,1,1,0,0
0,1,1,1,0,0
0,1,1,1,0,0
0,1,1,1,0,0
0,1,1,1,0,0
0,1,1,1,0.235064227,0
0,1,1,1,0.117412274,0
0,1,1,1,0.117700266,0
0,1,1,1,0.305829496,0
0,1,1,1,0.390392057,0
0,1,1,1,0.169644658,0
0,1,1,1,0.16975911,0
1,0.163957746,0.016478982,0.098707232,0.49283979,0
1,0.141736461,0.050317932,0.036205209,0.098524429,0
1,0.148697816,0.018693273,0.03383608,0.035124915,0
1,0.156659726,0.079522526,0.065082865,0.035060785,0
1,0.130243091,0.074738845,0.005118189,0.080157088,0
1,0.132942933,0.0878648,0.014043815,0.022270815,0
1,0.135050788,0.109612005,0.023267923,0.010346265,0
1,0.137150076,0.087494047,0.023664602,0.010384026,0
0,1,1,1,0.028081192,0
0,1,1,1,0,0
0,1,1,1,0,0
0,1,1,1,0,0
0,1,1,1,0,0
0,1,1,1,0,0
0,1,1,1,0,0
0,1,1,1,0,0
0,1,1,1,0,0
1,0.357402858,0.628150755,0.0279139,0,0
1,0.35743952,0.621562027,0.007049458,0,0
1,0.357474284,0.623370365,0.00193479,0,0
1,0.357510958,0.624242394,0.000933007,0,0
1,0.353487835,0.629104137,0.005201711,0,0
1,0.354718682,0.583993897,0.048264667,0,0
1,0.355952745,0.594473369,0.011212271,0,0
1,0.357161511,0.616419861,0.023481145,0,0
0,1,1,1,0,0
0,1,1,1,0,0
0,1,1,1,0,0
0,1,1,1,0,0
1,0.237969389,0.2779581,0.159551217,0,0
1,0.180552686,0.300491387,0.024108974,0,0
1,0.20037702,0.26823782,0.034508965,0,0
1,0.227011018,0.256228464,0.012849134,0,0
1,0.154196747,0.305825126,0.053064811,0,0
1,0.159586734,0.276723887,0.006208242,0,0
1,0.161727307,0.312575415,0.038358521,0,0
1,0.126824278,0.301788075,0.011541667,0,0
0,1,1,1,0,0
0,1,1,1,0,0
0,1,1,1,0,0
0,1,1,1,0,0
0,1,1,1,0,0
0,1,1,1,0,0
0,1,1,1,0,0
0,1,1,1,0,0
0,1,1,1,0,0
0,1,1,1,0,0
0,1,1,1,0,0
0,1,1,1,0,0
1,0.178383457,0.663308493,0.029812854,0,0
1,0.176309232,0.66577451,0.002638458,0,0
1,0.176579934,0.582859812,0.08871268,0,0
1,0.177196756,0.592440881,0.010251045,0,0
1,0.174985607,0.628559528,0.038644318,0,0
1,0.179675636,0.590540644,0.040677432,0,0
1,0.17869185,0.603130723,0.013470466,0,0
1,0.178785983,0.60214665,0.001052887,0,0
0,1,1,1,0,0
0,1,1,1,0.10648687,0
0,1,1,1,0.040454888,0
0,1,1,1,0.040153851,0
0,1,1,1,0.113542084,0
0,1,1,1,0,0
0,1,1,1,0,0
0,1,1,1,0,0
1,0.141877008,0.261993909,0.220118666,0,0
1,0.14410338,0.242994483,0.020328,0,0
0,1,1,1,0,0
0,1,1,1,0,0
0,1,1,1,0.019594738,0
0,1,1,1,0.00326579,0
0,1,1,1,0.003096621,0
0,1,1,1,0.021090636,0
0,1,1,1,0.264401315,0
0,1,1,1,0.098949564,0
0,1,1,1,0.098561664,0
1,0.168052558,0.281524528,0.027871404,0.224320011,0
1,0.16704225,0.287029213,0.005889611,0.071184483,0
1,0.168324209,0.272872706,0.01514643,0.026914036,0
1,0.169624709,0.282614396,0.010422898,0.027179936,0
1,0.163111765,0.276784663,0.006237389,0.051048737,0
1,0.166922758,0.301005613,0.02591465,0.025896854,0
1,0.165946229,0.263113954,0.040541311,0.01013607,0
1,0.16494173,0.288280027,0.026925862,0.010360442,0
1,0.161990346,0.285853313,0.002596407,0.039875087,0
1,0.185190391,0.243911827,0.044874332,0.391090716,0
1,0.179184973,0.325502031,0.087295568,0.140689307,0
1,0.174187715,0.429391409,0.111154058,0.140957509,0
1,0.188442697,0.375669525,0.057478497,0.349514105,0
1,0.180530027,0.354757206,0.022374657,0.021109185,0
1,0.192344195,0.395088931,0.043152005,0,0
1,0.190029037,0.462987832,0.072646873,0,0
0,1,1,1,0,0
0,1,1,1,0,0
0,1,1,1,0,0
0,1,1,1,0,0
0,1,1,1,0,0
0,1,1,1,0,0
0,1,1,1,0,0
0,1,1,1,0,0
0,1,1,1,0,0
0,1,1,1,0,0
0,1,1,1,0,0
0,1,1,1,0,0
1,0.161205712,0.172423761,0.122728567,0,0
1,0.164626257,0.21252731,0.042907873,0,0
1,0.342887393,0.476585668,0.332331553,0.065826881,0
1,0.168909015,0.009177703,0.226144203,0.302106553,0
1,0.34134265,0.312405166,0.121463989,0.725999009,0
1,0.346297714,0.353886328,0.044381818,0.016304961,0
1,0.350476014,0.240931449,0.120853483,0.008060445,0
0,1,1,1,0.007795083,0
0,1,1,1,0,0
0,1,1,1,0,0
0,1,1,1,0,0
0,1,1,1,0,0
0,1,1,1,0,0
0,1,1,1,0,0
0,1,1,1,0,0
1,0.214538145,0.429456079,0.10310671,0,0
1,0.212026351,0.490115688,0.064901358,0,0
1,0.179856463,0.233355696,0.249327952,0,0
1,0.16233948,0.222331924,0.011794633,0.075499711,0
1,0.179942273,0.300769996,0.083923017,0.038405128,0
1,0.186485849,0.45282962,0.162692709,0.038723553,0
1,0.166200905,0.334132091,0.1269977,0.106446892,0
1,0.154958163,0.567149075,0.249311179,0.039807548,0
1,0.164559197,0.57377753,0.007091964,0.015833048,0
1,0.168360288,0.570950439,0.003024781,0.016340928,0
1,0.156683334,0.557121861,0.01479557,0.042893208,0
1,0.152634109,0.545255417,0.012696231,0.05568121,0
1,0.158176562,0.538832865,0.006871661,0.022041167,0
1,0.159144474,0.365974391,0.184945962,0.021809101,0
1,0.155299115,0.413814327,0.051185243,0.047885876,0
1,0.154702713,0.488028752,0.079404023,0.042262383,0
1,0.157226059,0.275035681,0.227887054,0.015730748,0
1,0.157103267,0.057935529,0.23228133,0.01610267,0
1,0.155891829,0.109551187,0.05522499,0.047658524,0
1,0.159159966,0.223671088,0.122099972,0.159635864,0
0,1,1,1,0.058098594,0
0,1,1,1,0.058367438,0
0,1,1,1,0.154616961,0
0,1,1,1,0.154616961,0
0,1,1,1,0.180414455,0
0,1,1,1,0.180998163,0
0,1,1,1,0.467920009,0
0,1,1,1,0.477273868,0
0,1,1,1,0.194386666,0
0,1,1,1,0.19468041,0
0,1,1,1,0.194377354,0
0,1,1,1,0.555990757,0
0,1,1,1,0.302518738,0
0,1,1,1,0.133832321,0
0,1,1,1,0.133941213,0
0,1,1,1,0,0
0,1,1,1,0.010227366,0
0,1,1,1,0.070894547,0
0,1,1,1,0.03208358,0
0,1,1,1,0.032030165,0
0,1,1,1,0.068798104,0
0,1,1,1,0.040800493,0
0,1,1,1,0.018039981,0
0,1,1,1,0.052656488,0
0,1,1,1,0.022753271,0
0,1,1,1,0.02039485,0
0,1,1,1,0.022189385,0
0,1,1,1,0.031421039,0
0,1,1,1,0.048171095,0
0,1,1,1,0.021332813,0
0,1,1,1,0.021332813,0
0,1,1,1,0.042712614,0
0,1,1,1,0.019579751,0
0,1,1,1,0.005733827,0
0,1,1,1,0.005810112,0
0,1,1,1,0.024157043,0
0,1,1,1,0.007295825,0
0,1,1,1,0.005471869,0
0,1,1,1,0.005742353,0
0,1,1,1,0.013156455,0
0,1,1,1,0.005252905,0
0,1,1,1,0.002502447,0
0,1,1,1,0.002502447,0
0,1,1,1,0.008410932,0
0,1,1,1,0.02840512,0
0,1,1,1,0.006287321,0
0,1,1,1,0.007036395,0
0,1,1,1,0.011112317,0
0,1,1,1,0.016235802,0
0,1,1,1,0.007461585,0
0,1,1,1,0.007526867,0
0,1,1,1,0.018843798,0
0,1,1,1,0.012531772,0
0,1,1,1,0.006065532,0
0,1,1,1,0.005759368,0
0,1,1,1,0.015903958,0
0,1,1,1,0.000699455,0
0,1,1,1,0.003766682,0
0,1,1,1,0.004030222,0
0,1,1,1,0.006395332,0
0,1,1,1,0.018357204,0
0,1,1,1,0.017164467,0
0,1,1,1,0.006628238,0
0,1,1,1,0.014873913,0
0,1,1,1,0.027916942,0
0,1,1,1,0.005801685,0
0,1,1,1,0.013204708,0
0,1,1,1,0.036292227,0
0,1,1,1,0.015079711,0
0,1,1,1,0.014728476,0
0,1,1,1,0.035625559,0
0,1,1,1,0.012488754,0
0,1,1,1,0.007228457,0
0,1,1,1,0.007262219,0
0,1,1,1,0.033554905,0
0,1,1,1,0.038189234,0
0,1,1,1,0.021737198,0
0,1,1,1,0.021134664,0
0,1,1,1,0.04643456,0
0,1,1,1,0.014006581,0
0,1,1,1,0.003766682,0
0,1,1,1,0.003753671,0
0,1,1,1,0.023126492,0
0,1,1,1,0.042414913,0
0,1,1,1,0.019439321,0
0,1,1,1,0.019766265,0
0,1,1,1,0.065460196,0
0,1,1,1,0.114943299,0
0,1,1,1,0.044025696,0
0,1,1,1,0.04459432,0
0,1,1,1,0.127447203,0
0,1,1,1,0.471987743,0
0,1,1,1,0.187105009,0
0,1,1,1,0.18652415,0
0,1,1,1,0.429757761,0
0,1,1,1,0.038861021,0
0,1,1,1,0.012809775,0
0,1,1,1,0.012809775,0
0,1,1,1,0.030713973,0
0,1,1,1,0.029665481,0
0,1,1,1,0.008486212,0
0,1,1,1,0,0
0,1,1,1,0.003383513,0
0,1,1,1,0.022321283,0
0,1,1,1,0.004702504,0
0,1,1,1,0.004692089,0
0,1,1,1,0.033477541,0
0,1,1,1,0.309198639,0
0,1,1,1,0.11603413,0
0,1,1,1,0.116283469,0
0,1,1,1,0.315593265,0
0,1,1,1,0.205303174,0
0,1,1,1,0.071981392,0
0,1,1,1,0.071741748,0
0,1,1,1,0.125309128,0
0,1,1,1,0.054926617,0
0,1,1,1,0.023972038,0
0,1,1,1,0.024045397,0
0,1,1,1,0.060465472,0
0,1,1,1,0.011754179,0
0,1,1,1,0.008210783,0
0,1,1,1,0.020083017,0
0,1,1,1,0.00844576,0
0,1,1,1,0.008691277,0
0,1,1,1,0.017857355,0
0,1,1,1,0.069621631,0
0,1,1,1,0.034432813,0
0,1,1,1,0.034618444,0
0,1,1,1,0.090034324,0
0,1,1,1,0.028334415,0
0,1,1,1,0.015388016,0
0,1,1,1,0.038366892,0
0,1,1,1,0.014745075,0
0,1,1,1,0.022986446,0
0,1,1,1,0.010570804,0
0,1,1,1,0.038874867,0
0,1,1,1,0.029297075,0
0,1,1,1,0.009352845,0
0,1,1,1,0.009352845,0
0,1,1,1,0.027846755,0
0,1,1,1,0.124859724,0
0,1,1,1,0.048910883,0
0,1,1,1,0.048913884,0
0,1,1,1,0.063044944,0
0,1,1,1,0.063681169,0
0,1,1,1,0.018466149,0
0,1,1,1,0.018330533,0
0,1,1,1,0.051090888,0
0,1,1,1,0.04507988,0
0,1,1,1,0.015746291,0
0,1,1,1,0.015746291,0
0,1,1,1,0.055624949,0
0,1,1,1,0.522224204,0
0,1,1,1,0.226272218,0
0,1,1,1,0.226048323,0
0,1,1,1,0.543608532,0
0,1,1,1,0.042630064,0
0,1,1,1,0.017388183,0
0,1,1,1,0.018247607,0
0,1,1,1,0.042257752,0
0,1,1,1,0.03087285,0
0,1,1,1,0.013212116,0
0,1,1,1,0.013051918,0
0,1,1,1,0.039997591,0
0,1,1,1,0.010510465,0
0,1,1,1,0.013263856,0
0,1,1,1,0.027149319,0
0,1,1,1,0.003919447,0
0,1,1,1,0.00323569,0
0,1,1,1,0.009405008,0
0,1,1,1,0.007694008,0
0,1,1,1,0.004955778,0
0,1,1,1,0.005252905,0
0,1,1,1,0.01123056,0
0,1,1,1,0.008210783,0
0,1,1,1,0.005234244,0
0,1,1,1,0.00546292,0
0,1,1,1,0.013652823,0
0,1,1,1,0.074844984,0
0,1,1,1,0.048282685,0
0,1,1,1,0.086715532,0
0,1,1,1,0.334859717,0
0,1,1,1,0.126846945,0
0,1,1,1,0.126658587,0
0,1,1,1,0.297916556,0
0,1,1,1,0.082872317,0
0,1,1,1,0.03546866,0
0,1,1,1,0.03584461,0
0,1,1,1,0.058725093,0
0,1,1,1,0,0
0,1,1,1,0.025422097,0
0,1,1,1,0.033687324,0
0,1,1,1,0.077695599,0
0,1,1,1,0.027918695,0
0,1,1,1,0.027983457,0
0,1,1,1,0.059762305,0
0,1,1,1,0.148079822,0
0,1,1,1,0.054926617,0
0,1,1,1,0.054926617,0
0,1,1,1,0.098591442,0
0,1,1,1,0.193060303,0
0,1,1,1,0.074322843,0
0,1,1,1,0.074624373,0
0,1,1,1,0.17088052,0
0,1,1,1,0.038537384,0
0,1,1,1,0.014605055,0
0,1,1,1,0.014715183,0
0,1,1,1,0.051363074,0
0,1,1,1,0.026815696,0
0,1,1,1,0.061850992,0
0,1,1,1,0.099265989,0
0,1,1,1,0.035327686,0
0,1,1,1,0.035822765,0
0,1,1,1,0.063167435,0
0,1,1,1,0.046739108,0
0,1,1,1,0.016268915,0
0,1,1,1,0.016120889,0
0,1,1,1,0.036634367,0
0,1,1,1,0.046418754,0
0,1,1,1,0.015907034,0
0,1,1,1,0.015718303,0
0,1,1,1,0.019607218,0
0,1,1,1,0.066242515,0
0,1,1,1,0.023541633,0
0,1,1,1,0.024045397,0
0,1,1,1,0.036526035,0
0,1,1,1,0.022323475,0
0,1,1,1,0.00963625,0
0,1,1,1,0.009717143,0
0,1,1,1,0.019963292,0
0,1,1,1,0.024806515,0
0,1,1,1,0.024167167,0
0,1,1,1,0.023957748,0
0,1,1,1,0.018234197,0
0,1,1,1,0.087131468,0
0,1,1,1,0.037511938,0
0,1,1,1,0.037353794,0
0,1,1,1,0.105963667,0
0,1,1,1,0.589373909,0
0,1,1,1,0.237579747,0
0,1,1,1,0.237579747,0
0,1,1,1,0.550551739,0
0,1,1,1,0.019867485,0
0,1,1,1,0.007408945,0
0,1,1,1,0.008066512,0
0,1,1,1,0.02318143,0
0,1,1,1,0.035154152,0
0,1,1,1,0.014296976,0
0,1,1,1,0.013841441,0
0,1,1,1,0.020279379,0
0,1,1,1,0.009252924,0
0,1,1,1,0.007820148,0
0,1,1,1,0.007999518,0
0,1,1,1,0.015950035,0
0,1,1,1,0.05978113,0
0,1,1,1,0.02563673,0
0,1,1,1,0.025891186,0
0,1,1,1,0.034199001,0
0,1,1,1,0.090638719,0
0,1,1,1,0.126348036,0
0,1,1,1,0.126556186,0
0,1,1,1,0.309652261,0
0,1,1,1,0.383152133,0
0,1,1,1,0.156682356,0
0,1,1,1,0.157240909,0
0,1,1,1,0.334691511,0
0,1,1,1,0.106476303,0
0,1,1,1,0.045487186,0
0,1,1,1,0.045694296,0
0,1,1,1,0.104703574,0
0,1,1,1,0.012980503,0
0,1,1,1,0.005542935,0
0,1,1,1,0.005759368,0
0,1,1,1,0.013727868,0
0,1,1,1,0.024077929,0
0,1,1,1,0,0
0,1,1,1,0.002815253,0
0,1,1,1,0.058822485,0
0,1,1,1,0.024524861,0
0,1,1,1,0.024213683,0
0,1,1,1,0.035194488,0
0,1,1,1,0.03881063,0
0,1,1,1,0.019539731,0
0,1,1,1,0.019363671,0
0,1,1,1,0.074451093,0
0,1,1,1,0.021909816,0
0,1,1,1,0.013791868,0
0,1,1,1,0.014276429,0
0,1,1,1,0.026492648,0
0,1,1,1,0.060789063,0
0,1,1,1,0.025329554,0
0,1,1,1,0.0249873,0
0,1,1,1,0.05982776,0
0,1,1,1,0.014745075,0
0,1,1,1,0.008486212,0
0,1,1,1,0.008410932,0
0,1,1,1,0.024358725,0
0,1,1,1,0.026446441,0
0,1,1,1,0.009456884,0
0,1,1,1,0.009871988,0
0,1,1,1,0.033225231,0
0,1,1,1,0.148249544,0
0,1,1,1,0.077029687,0
0,1,1,1,0.146471349,0
0,1,1,1,0.007820148,0
0,1,1,1,0.140242093,0
0,1,1,1,0.086555154,0
0,1,1,1,0.168694057,0
0,1,1,1,0.592423434,0
0,1,1,1,0.232546321,0
0,1,1,1,0.232583135,0
0,1,1,1,0.552809477,0
0,1,1,1,0.013883791,0
0,1,1,1,0.005673785,0
0,1,1,1,0.005716737,0
0,1,1,1,0.004090468,0
0,1,1,1,0.008836421,0
0,1,1,1,0.005507516,0
0,1,1,1,0.037880525,0
0,1,1,1,0.023259386,0
0,1,1,1,0.023587308,0
0,1,1,1,0.052797524,0
0,1,1,1,0.405188357,0
0,1,1,1,0.190493409,0
0,1,1,1,0.190481594,0
0,1,1,1,0.396418899,0
0,1,1,1,0.391899873,0
0,1,1,1,0.241694748,0
0,1,1,1,0.541378845,0
0,1,1,1,0.103374664,0
0,1,1,1,0.104048764,0
0,1,1,1,0.26664975,0
0,1,1,1,0.133136679,0
0,1,1,1,0.065744332,0
0,1,1,1,0.104421436,0
0,1,1,1,0.008583659,0
0,1,1,1,0.002298645,0
0,1,1,1,0.004018065,0
0,1,1,1,0.00478501,0
0,1,1,1,0.008162976,0
0,1,1,1,0.005776332,0
0,1,1,1,0.006089681,0
0,1,1,1,0.006089681,0
0,1,1,1,0.054570065,0
0,1,1,1,0.02269083,0
0,1,1,1,0.022472008,0
0,1,1,1,0.051892795,0
0,1,1,1,0.000312806,0
0,1,1,1,0.005716737,0
0,1,1,1,0.005818526,0
0,1,1,1,0.000989179,0
0,1,1,1,0.025815491,0
0,1,1,1,0.006708939,0
0,1,1,1,0.006759793,0
0,1,1,1,0.018242244,0
0,1,1,1,0.116628375,0
0,1,1,1,0.081467176,0
0,1,1,1,0.081559006,0
0,1,1,1,0.22622032,0
0,1,1,1,0.134734771,0
0,1,1,1,0.059602456,0
0,1,1,1,0.059602456,0
0,1,1,1,0.032294844,0
