1,0.020460242,0,0,0,0
1,0.021871029,0,0,0,0
1,0.015048227,0,0,0,0
1,0.015958284,0,0,0,0
1,0.018617009,0,0,0,0
1,0.016560095,0,0,0,0
1,0.016891,0,0,0,0
1,0.017486183,0,0,0,1
1,0.016864946,0,0,0,1
1,0.018641706,0,0,0,1
1,0.018280246,0,0,0,1
1,0.015926517,0,0,0,1
1,0.015675551,0,0,0,1
1,0.023154221,0,0,0,1
1,0.031468967,0,0,0,1
1,0.030366055,0,0,0,1
1,0.026199908,0,0,0,1
1,0.015808256,0,0,0,1
1,0.029649818,0,0,0,0
1,0.026116373,0,0,0,0
1,0.028892106,0,0,0,0
1,0.02754896,0,0,0,0
1,0.030263434,0,0,0,0
1,0.028800132,0,0,0,0
1,0.028816495,0,0,0,0
1,0.028364132,0,0,0,0
1,0.145688377,0,0,0,0
1,0.139325818,0,0,0,0
1,0.055983908,0,0,0,0
1,0.052099304,0,0,0,1
1,0.050350108,0,0,0,1
1,0.052276467,0,0,0,1
1,0.052213005,0,0,0,1
1,0.050951356,0,0,0,1
1,0.048880067,0,0,0,1
1,0.05095282,0,0,0,0
1,0.04908378,0,0,0,0
1,0.049463947,0,0,0,0
1,0.049118521,0,0,0,0
1,0.04973757,0,0,0,0
1,0.04929477,0,0,0,0
1,0.050426721,0,0,0,0
1,0.060832185,0,0,0,0
1,0.112595209,0,0,0,1
1,0.109635985,0,0,0,1
1,0.097411853,0,0,0,1
1,0.073088775,0,0,0,1
1,0.015417201,0,0,0,0
1,0.016544182,0,0,0,0
1,0.016261696,0,0,0,0
1,0.015676632,0,0,0,0
1,0.016392138,0,0,0,0
1,0.015177852,0,0,0,0
1,0.015550802,0,0,0,0
1,0.014420501,0,0,0,0
1,0.015202782,0,0,0,0
1,0.015644078,0,0,0,0
1,0.015001882,0,0,0,0
1,0.015111795,0,0,0,0
1,0.015300987,0,0,0,0
1,0.015457622,0,0,0,0
1,0.01971339,0,0,0,0
1,0.017192877,0,0,0,0
1,0.016804647,0,0,0,0
1,0.014085008,0,0,0,0
1,0.015556253,0,0,0,0
1,0.063935217,0,0,0,0
1,0.08431241,0,0,0,0
1,0.012894477,0,0,0,0
1,0.026402387,0,0,0,0
1,0.02405522,0,0,0,1
1,0.118250909,0,0,0,1
1,0.024015384,0,0,0,1
1,0.030042093,0,0,0,1
1,0.035694196,0,0,0,1
1,0.025427243,0,0,0,1
1,0.025899441,0,0,0,1
1,0.02468074,0,0,0,1
1,0.011022415,0,0,0,1
1,0.127111061,0,0,0,0
1,0.132206114,0,0,0,0
1,0.135171912,0,0,0,0
1,0.057754117,0,0,0,0
1,0.055681118,0,0,0,0
1,0.111485338,0,0,0,0
1,0.132365877,0,0,0,0
1,0.12497395,0,0,0,0
1,0.053626282,0,0,0,0
1,0.055485002,0,0,0,0
1,0.05026047,0,0,0,1
1,0.045492028,0,0,0,1
1,0.088699556,0,0,0,1
1,0.108530266,0,0,0,1
1,0.063811845,0,0,0,1
1,0.055576933,0,0,0,1
1,0.053214915,0,0,0,1
1,0.053508866,0,0,0,1
1,0.053846009,0,0,0,1
1,0.054154112,0,0,0,1
1,0.053768676,0,0,0,1
1,0.053222073,0,0,0,1
1,0.030390056,0,0,0,0
1,0.026764307,0,0,0,0
1,0.027276588,0,0,0,0
1,0.027338062,0,0,0,0
1,0.026541811,0,0,0,0
1,0.024644622,0,0,0,0
1,0.02788093,0,0,0,0
1,0.03098329,0,0,0,0
1,0.031482722,0,0,0,0
1,0.031365917,0,0,0,0
1,0.026586366,0,0,0,0
1,0.026814817,0,0,0,0
1,0.019830994,0,0,0,0
1,0.022273018,0,0,0,1
1,0.02305946,0,0,0,1
1,0.023805852,0,0,0,1
1,0.025554031,0,0,0,1
1,0.065363588,0,0,0,1
1,0.119971519,0,0,0,1
1,0.019772422,0,0,0,1
1,0.020065655,0,0,0,1
1,0.023412463,0,0,0,1
1,0.025468067,0,0,0,1
1,0.023557011,0,0,0,1
1,0.024693378,0,0,0,1
1,0.019134322,0,0,0,1
1,0.035686278,0,0,0,1
1,0.024641502,0,0,0,1
1,0.007792284,0,0,0,1
1,0.025483997,0,0,0,1
1,0.012276241,0,0,0,1
1,0.017500205,0,0,0,0
1,0.027536976,0,0,0,0
1,0.030697793,0,0,0,0
1,0.024242976,0,0,0,0
1,0.041008513,0,0,0,0
1,0.031527931,0,0,0,0
1,0.017553093,0,0,0,0
1,0.041035794,0,0,0,0
1,0.023021927,0,0,0,0
1,0.034308872,0,0,0,0
1,0.028878957,0,0,0,0
1,0.02450446,0,0,0,0
1,0.025455547,0,0,0,0
1,0.035450904,0,0,0,0
1,0.026619085,0,0,0,0
1,0.015896466,0,0,0,0
1,0.02661968,0,0,0,0
1,0.03267811,0,0,0,0
1,0.036724676,0,0,0,0
1,0.025733708,0,0,0,0
1,0.0267725,0,0,0,0
1,0.053587586,0,0,0,1
1,0.052955035,0,0,0,1
1,0.054406374,0,0,0,1
1,0.05179491,0,0,0,0
1,0.050738989,0,0,0,0
1,0.048491943,0,0,0,0
1,0.059010183,0,0,0,0
1,0.249091467,0,0,0,0
1,0.062967634,0,0,0,0
1,0.111143635,0,0,0,0
1,0.060789132,0,0,0,0
1,0.062745889,0,0,0,0
1,0.060925918,0,0,0,0
1,0.226297839,0,0,0,0
1,0.210877733,0,0,0,0
1,0.18475217,0,0,0,0
1,0.154198697,0,0,0,0
1,0.170283108,0,0,0,0
1,0.169968524,0,0,0,0
1,0.172164083,0,0,0,0
1,0.171944856,0,0,0,0
1,0.17593144,0,0,0,0
1,0.170197868,0,0,0,0
1,0.153587182,0,0,0,0
1,0.111807063,0,0,0,0
1,0.138832159,0,0,0,0
1,0.158937169,0,0,0,0
1,0.150574737,0,0,0,0
1,0.042672811,0,0,0,0
1,0.04880091,0,0,0,1
1,0.047964658,0,0,0,1
1,0.050581252,0,0,0,1
1,0.05360815,0,0,0,1
1,0.055841474,0,0,0,1
1,0.055876666,0,0,0,1
1,0.181347008,0,0,0,0
1,0.044524866,0,0,0,0
1,0.044272805,0,0,0,0
1,0.046219721,0,0,0,0
1,0.041000656,0,0,0,0
1,0.037724563,0,0,0,0
1,0.050058903,0,0,0,0
1,0.036947655,0,0,0,0
1,0.033788089,0,0,0,0
1,0.057931548,0,0,0,0
1,0.064272842,0,0,0,0
1,0.062658234,0,0,0,0
1,0.038348287,0,0,0,0
1,0.031273917,0,0,0,0
1,0.055641495,0,0,0,0
1,0.053976411,0,0,0,0
1,0.054625861,0,0,0,0
1,0.240815235,0,0,0,0
1,0.049367205,0,0,0,0
1,0.020150824,0,0,0,0
1,0.046039533,0,0,0,0
1,0.046694234,0,0,0,0
1,0.01617953,0,0,0,0
1,0.04113751,0,0,0,0
1,0.04891449,0,0,0,0
1,0.027416803,0,0,0,0
1,0.094229422,0,0,0,0
1,0.103993168,0,0,0,0
1,0.129355572,0,0,0,0
1,0.167851756,0,0,0,0
1,0.206249693,0,0,0,0
1,0.196288997,0,0,0,0
1,0.158706524,0,0,0,0
1,0.045567803,0,0,0,0
1,0.058833718,0,0,0,0
1,0.047221725,0,0,0,0
1,0.020194757,0,0,0,1
1,0.019084572,0,0,0,1
1,0.022713812,0,0,0,1
1,0.018378922,0,0,0,1
1,0.018249301,0,0,0,1
1,0.021703597,0,0,0,1
1,0.023915196,0,0,0,1
1,0.023340507,0,0,0,1
1,0.021268973,0,0,0,1
1,0.020880954,0,0,0,0
1,0.023269057,0,0,0,0
1,0.023327766,0,0,0,0
1,0.022334041,0,0,0,0
1,0.021393086,0,0,0,0
1,0.020406912,0,0,0,0
1,0.01897414,0,0,0,0
1,0.016412469,0,0,0,0
1,0.052329397,0,0,0,0
1,0.051011845,0,0,0,0
1,0.076727078,0,0,0,0
1,0.084969502,0,0,0,0
1,0.045542492,0,0,0,0
1,0.105216554,0,0,0,0
1,0.124258936,0,0,0,0
1,0.116137809,0,0,0,0
1,0.06634646,0,0,0,0
1,0.127350277,0,0,0,0
1,0.172320984,0,0,0,1
1,0.16353664,0,0,0,1
1,0.121065883,0,0,0,1
1,0.076358499,0,0,0,1
1,0.027701428,0,0,0,1
1,0.025722811,0,0,0,1
1,0.029203629,0,0,0,1
1,0.014142755,0,0,0,1
1,0.020280721,0,0,0,1
1,0.020868174,0,0,0,1
1,0.006022528,0,0,0,1
1,0.019641408,0,0,0,1
1,0.017405381,0,0,0,1
1,0.023055292,0,0,0,1
1,0.020090709,0,0,0,1
1,0.110322038,0,0,0,1
1,0.091645131,0,0,0,1
1,0.071328021,0,0,0,1
1,0.036884023,0,0,0,1
1,0.069087268,0,0,0,0
1,0.0657107,0,0,0,0
1,0.050826138,0,0,0,0
1,0.029543026,0,0,0,0
1,0.021396838,0,0,0,0
1,0.025523268,0,0,0,0
1,0.021804926,0,0,0,0
1,0.020735741,0,0,0,0
1,0.024690265,0,0,0,0
1,0.031074551,0,0,0,1
1,0.02326692,0,0,0,1
1,0.028562153,0,0,0,1
1,0.012333567,0,0,0,1
1,0.020503181,0,0,0,1
1,0.03123319,0,0,0,1
1,0.032374567,0,0,0,1
1,0.016458414,0,0,0,1
1,0.02163599,0,0,0,1
1,0.021358977,0,0,0,1
1,0.014285904,0,0,0,1
1,0.020718071,0,0,0,1
1,0.026324734,0,0,0,1
1,0.025918159,0,0,0,0
1,0.028845587,0,0,0,0
1,0.030481795,0,0,0,0
1,0.038991813,0,0,0,0
1,0.015061442,0,0,0,0
1,0.018119376,0,0,0,0
1,0.024811251,0,0,0,0
1,0.047263096,0,0,0,0
1,0.037195654,0,0,0,0
1,0.036498477,0,0,0,0
1,0.028199776,0,0,0,0
1,0.027372939,0,0,0,0
1,0.016847577,0,0,0,0
1,0.017789016,0,0,0,0
1,0.011851769,0,0,0,0
1,0.035358534,0,0,0,0
1,0.029537554,0,0,0,0
1,0.021386586,0,0,0,0
1,0.029283221,0,0,0,0
1,0.024461197,0,0,0,0
1,0.026284682,0,0,0,0
1,0.027911322,0,0,0,0
1,0.028982892,0,0,0,0
1,0.037443551,0,0,0,0
1,0.039808074,0,0,0,0
1,0.037257965,0,0,0,0
1,0.050554136,0,0,0,0
1,0.048510496,0,0,0,0
1,0.042426667,0,0,0,0
1,0.043683665,0,0,0,0
1,0.041681329,0,0,0,0
1,0.043556862,0,0,0,0
1,0.039614504,0,0,0,0
1,0.03534165,0,0,0,0
1,0.058878239,0,0,0,1
1,0.036575361,0,0,0,1
1,0.03664064,0,0,0,1
1,0.036672188,0,0,0,1
1,0.036506096,0,0,0,1
1,0.036516282,0,0,0,1
1,0.036523742,0,0,0,0
1,0.018536442,0,0,0,0
1,0.025840844,0,0,0,0
1,0.028008355,0,0,0,0
1,0.02927519,0,0,0,0
1,0.018140513,0,0,0,0
1,0.019902461,0,0,0,0
1,0.028204385,0,0,0,0
1,0.033385554,0,0,0,0
1,0.022856744,0,0,0,0
1,0.021000793,0,0,0,0
1,0.043528408,0,0,0,0
1,0.037643389,0,0,0,0
1,0.027464137,0,0,0,0
1,0.017020139,0,0,0,0
1,0.031927439,0,0,0,0
1,0.03760397,0,0,0,0
1,0.035792459,0,0,0,0
1,0.037351055,0,0,0,0
1,0.044096325,0,0,0,0
1,0.046240286,0,0,0,0
1,0.031537001,0,0,0,0
1,0.142905473,0,0,0,1
1,0.144023885,0,0,0,1
1,0.087134587,0,0,0,1
1,0.063108385,0,0,0,1
1,0.051748489,0,0,0,1
1,0.041937456,0,0,0,1
1,0.034676747,0,0,0,1
1,0.073270265,0,0,0,0
1,0.063048009,0,0,0,0
1,0.05905838,0,0,0,0
1,0.062907123,0,0,0,0
1,0.065236836,0,0,0,0
1,0.050081118,0,0,0,0
1,0.049400808,0,0,0,0
1,0.063520139,0,0,0,0
1,0.068984355,0,0,0,0
1,0.049744774,0,0,0,0
1,0.049936268,0,0,0,0
1,0.070851456,0,0,0,0
1,0.065217113,0,0,0,0
1,0.062531457,0,0,0,0
1,0.067190834,0,0,0,0
1,0.051249997,0,0,0,0
1,0.032772585,0,0,0,0
1,0.029999242,0,0,0,0
1,0.027824963,0,0,0,0
1,0.045598356,0,0,0,0
1,0.030020637,0,0,0,0
1,0.027201224,0,0,0,0
1,0.02043116,0,0,0,0
1,0.033216607,0,0,0,0
1,0.020362603,0,0,0,0
1,0.043310391,0,0,0,0
1,1,1,1,0,0
1,1,1,1,0,0
1,0.472281153,0,0,0,0
1,0.080406514,0,0,0,1
1,0.082695832,0,0,0,1
1,0.089797663,0,0,0,1
1,0.094306301,0,0,0,1
1,0.094935448,0,0,0,1
1,0.134910637,0,0,0,1
1,0.089145066,0,0,0,1
1,0.063403947,0,0,0,1
1,0.062966197,0,0,0,1
1,0.057767484,0,0,0,1
1,0.057940309,0,0,0,1
1,0.064866245,0,0,0,1
1,0.061453925,0,0,0,1
1,0.070733579,0,0,0,1
1,0.070558974,0,0,0,1
1,0.060106796,0,0,0,1
1,0.052208437,0,0,0,1
1,0.059433935,0,0,0,1
1,0.057343088,0,0,0,1
1,0.058005281,0,0,0,1
1,0.057406924,0,0,0,1
1,0.056703628,0,0,0,1
1,0.059260411,0,0,0,1
1,0.068861197,0,0,0,1
1,0.054765739,0,0,0,1
1,0.045392324,0,0,0,1
1,0.459181166,0,0,0,1
1,0.068226071,0,0,0,1
1,0.051986941,0,0,0,1
1,0.036357531,0,0,0,1
1,0.033488295,0,0,0,1
1,0.063825289,0,0,0,1
1,0.039233807,0,0,0,1
1,0.030745591,0,0,0,1
1,0.026386155,0,0,0,1
1,0.07492142,0,0,0,1
1,0.065527179,0,0,0,1
1,0.05469415,0,0,0,1
1,0.04411729,0,0,0,1
1,0.047759651,0,0,0,1
1,0.050145542,0,0,0,1
1,0.055923986,0,0,0,1
1,0.068466591,0,0,0,1
1,0.035546818,0,0,0,1
1,0.029298774,0,0,0,1
1,0.034270828,0,0,0,1
1,0.046158365,0,0,0,1
1,0.02910759,0,0,0,1
1,0.022397775,0,0,0,1
1,0.023349078,0,0,0,1
1,0.025235532,0,0,0,1
1,0.016486207,0,0,0,1
1,0.021522892,0,0,0,1
1,0.027961417,0,0,0,1
1,0.035964991,0,0,0,1
1,0.036076994,0,0,0,1
1,0.034912224,0,0,0,1
1,0.032613254,0,0,0,1
1,0.027196403,0,0,0,1
1,0.046864742,0,0,0,1
1,0.035302221,0,0,0,1
1,0.04368219,0,0,0,0
1,0.052848278,0,0,0,0
1,0.047890976,0,0,0,0
1,0.042497268,0,0,0,0
1,0.037707209,0,0,0,0
1,0.05486893,0,0,0,0
1,0.046606491,0,0,0,0
1,0.04685145,0,0,0,0
1,0.043078703,0,0,0,0
1,0.051817428,0,0,0,0
1,0.050328145,0,0,0,0
1,0.045264239,0,0,0,0
1,0.038325907,0,0,0,0
1,0.054715103,0,0,0,0
1,0.046138377,0,0,0,0
1,0.103484132,0,0,0,0
1,0.17036023,0,0,0,0
1,0.151018671,0,0,0,0
1,0.140943804,0,0,0,0
1,0.091276826,0,0,0,0
1,0.085969604,0,0,0,0
1,0.027058555,0,0,0,0
1,0.01114886,0,0,0,0
1,0.01253647,0,0,0,0
1,0.042835445,0,0,0,0
1,0.037780706,0,0,0,0
1,0.041563785,0,0,0,0
1,0.044333915,0,0,0,0
1,0.033114114,0,0,0,0
1,0.03098661,0,0,0,0
1,0.040107641,0,0,0,0
1,0.031366602,0,0,0,0
1,0.034932423,0,0,0,0
1,0.031369161,0,0,0,0
1,0.035972533,0,0,0,0
1,0.021280769,0,0,0,0
1,0.0163003,0,0,0,0
1,0.044361419,0,0,0,1
1,0.011366955,0,0,0,1
1,0.010883809,0,0,0,1
1,0.028312114,0,0,0,1
1,0.051166177,0,0,0,1
1,0.023205037,0,0,0,1
1,0.025754433,0,0,0,1
1,0.0367516,0,0,0,1
1,0.047121291,0,0,0,1
1,0.03800549,0,0,0,1
1,0.041098911,0,0,0,1
1,0.032169338,0,0,0,1
1,0.039410778,0,0,0,1
1,0.06182546,0,0,0,1
1,0.046219672,0,0,0,1
1,0.04083149,0,0,0,1
1,0.033900817,0,0,0,1
1,0.040385651,0,0,0,1
1,0.055095355,0,0,0,1
1,0.052467102,0,0,0,1
1,0.045864429,0,0,0,1
1,0.034952642,0,0,0,1
1,0.085245284,0,0,0,1
1,0.065348904,0,0,0,0
1,0.057885206,0,0,0,0
1,0.0873001,0,0,0,0
1,0.072680262,0,0,0,0
1,0.062909135,0,0,0,0
1,0.052104207,0,0,0,0
1,0.071148758,0,0,0,1
1,0.063120654,0,0,0,1
1,0.05795613,0,0,0,1
1,0.067944749,0,0,0,1
1,0.059090279,0,0,0,1
1,0.038996771,0,0,0,1
1,0.040497906,0,0,0,1
1,0.038673523,0,0,0,1
1,0.047795709,0,0,0,1
1,0.036885065,0,0,0,1
1,0.04881872,0,0,0,1
1,0.036732155,0,0,0,1
1,0.039032844,0,0,0,0
1,0.051108039,0,0,0,0
1,0.032296328,0,0,0,0
1,0.035173035,0,0,0,0
1,0.043168746,0,0,0,0
1,0.055385307,0,0,0,0
1,0.046363334,0,0,0,0
1,0.04981197,0,0,0,0
1,0.048016951,0,0,0,0
1,0.050600759,0,0,0,0
1,0.062170415,0,0,0,0
1,1,1,1,0,0
1,0.148326816,0,0,0,0
1,0.117147522,0,0,0,0
1,0.127326352,0,0,0,0
1,0.063971505,0,0,0,0
1,0.065512617,0,0,0,0
1,0.0649375,0,0,0,0
1,0.141249939,0,0,0,0
1,0.133112029,0,0,0,0
1,0.076881958,0,0,0,0
1,0.056297961,0,0,0,0
1,0.052852299,0,0,0,0
1,0.047062575,0,0,0,0
1,0.042983579,0,0,0,0
1,0.055655491,0,0,0,0
1,0.113972202,0,0,0,0
1,0.078645948,0,0,0,0
1,0.059798852,0,0,0,0
1,0.055806239,0,0,0,0
1,0.061161859,0,0,0,0
1,0.057048226,0,0,0,0
1,0.041703751,0,0,0,0
1,0.051920187,0,0,0,0
1,0.060732072,0,0,0,0
1,0.060949292,0,0,0,0
1,0.060159714,0,0,0,0
1,0.094167596,0,0,0,0
1,0.087145549,0,0,0,0
1,0.057722498,0,0,0,1
1,0.039474947,0,0,0,1
1,0.03517882,0,0,0,1
1,0.040255424,0,0,0,1
1,0.035607316,0,0,0,1
1,0.03667413,0,0,0,1
1,0.005787835,0,0,0,1
1,0.019709261,0,0,0,1
1,0.030628559,0,0,0,1
1,0.034258193,0,0,0,1
1,0.028932768,0,0,0,1
1,0.028453344,0,0,0,1
1,0.010587078,0,0,0,1
1,0.035213892,0,0,0,1
1,0.033879736,0,0,0,1
1,0.033807321,0,0,0,1
1,0.037830939,0,0,0,1
1,0.038370831,0,0,0,1
1,0.043013287,0,0,0,1
1,0.045819771,0,0,0,1
1,0.045165134,0,0,0,1
1,0.04410827,0,0,0,1
1,0.077209454,0,0,0,1
1,0.07122406,0,0,0,1
1,0.062167397,0,0,0,1
1,0.048480962,0,0,0,1
1,0.038753909,0,0,0,1
1,0.080849009,0,0,0,1
1,0.063022401,0,0,0,1
1,0.055246854,0,0,0,1
1,0.047994722,0,0,0,1
1,0.045832525,0,0,0,1
1,0.046606685,0,0,0,1
1,0.030041867,0,0,0,1
1,0.029324266,0,0,0,1
1,0.036706572,0,0,0,1
1,0.043757974,0,0,0,1
1,0.011164667,0,0,0,1
1,0.035613506,0,0,0,1
1,0.023175302,0,0,0,0
1,0.032552331,0,0,0,0
1,0.038944384,0,0,0,0
1,0.045679226,0,0,0,0
1,0.041527161,0,0,0,0
1,0.038971746,0,0,0,0
1,0.039449882,0,0,0,0
1,0.036107563,0,0,0,0
1,0.063848823,0,0,0,0
1,0.086218853,0,0,0,0
1,0.058831374,0,0,0,0
1,0.037251168,0,0,0,0
1,0.022094258,0,0,0,1
1,0.023482658,0,0,0,1
1,0.030044652,0,0,0,1
1,0.019880923,0,0,0,1
1,0.02008435,0,0,0,1
1,0.014731569,0,0,0,1
1,0.01667777,0,0,0,1
1,0.019614685,0,0,0,1
1,0.020963458,0,0,0,1
1,0.015570997,0,0,0,1
1,0.034878015,0,0,0,1
1,0.031125474,0,0,0,1
1,0.038670892,0,0,0,1
1,0.049160113,0,0,0,1
1,0.046027107,0,0,0,1
1,0.028085981,0,0,0,1
1,0.02777454,0,0,0,1
1,0.074597986,0,0,0,1
1,0.017123568,0,0,0,1
1,0.018682109,0,0,0,1
1,0.036878536,0,0,0,1
1,0.010632254,0,0,0,1
1,0.054840141,0,0,0,1
1,0.014677833,0,0,0,1
1,0.029799238,0,0,0,1
1,0.042060836,0,0,0,1
1,0.021155677,0,0,0,1
1,0.032101939,0,0,0,1
1,0.029934397,0,0,0,1
1,0.040482271,0,0,0,1
1,0.037249954,0,0,0,1
1,0.03473134,0,0,0,1
1,0.036693359,0,0,0,1
1,0.043091795,0,0,0,1
1,0.044033012,0,0,0,1
1,0.010132275,0,0,0,1
1,0.005852319,0,0,0,1
1,0.032077421,0,0,0,1
1,0.035185856,0,0,0,1
1,0.03368445,0,0,0,1
1,0.02391548,0,0,0,1
1,0.045544453,0,0,0,1
1,0.030181258,0,0,0,1
1,0.035603252,0,0,0,1
1,0.026054186,0,0,0,1
1,0.047873033,0,0,0,1
1,0.04362991,0,0,0,1
1,0.03989323,0,0,0,1
1,0.047514782,0,0,0,1
1,0.050496614,0,0,0,1
1,0.036575145,0,0,0,1
1,0.044889427,0,0,0,1
1,0.045357221,0,0,0,1
1,0.045472318,0,0,0,1
1,0.049169149,0,0,0,1
1,0.045812518,0,0,0,1
1,0.05027023,0,0,0,1
1,0.043672588,0,0,0,1
1,0.043751696,0,0,0,1
1,0.033226576,0,0,0,1
1,0.044885221,0,0,0,1
1,0.045806102,0,0,0,1
1,0.025765009,0,0,0,1
1,0.025831087,0,0,0,1
1,0.020853055,0,0,0,1
1,0.042319288,0,0,0,1
1,0.179086095,0,0,0,1
1,0.03137208,0,0,0,1
1,0.032563199,0,0,0,1
1,0.02871865,0,0,0,1
1,0.017433935,0,0,0,1
1,0.02429426,0,0,0,1
1,0.028958739,0,0,0,1
1,0.030381351,0,0,0,1
1,0.150320148,0,0,0,1
1,0.016199012,0,0,0,0
1,0.016085565,0,0,0,0
1,0.034109481,0,0,0,0
1,0.014001049,0,0,0,0
1,0.024903977,0,0,0,0
1,0.028954054,0,0,0,0
1,0.033601927,0,0,0,0
1,0.022487332,0,0,0,1
1,0.020305788,0,0,0,1
1,0.016468576,0,0,0,1
1,0.011259038,0,0,0,1
1,0.005230109,0,0,0,1
1,0.004735067,0,0,0,1
1,0.010512501,0,0,0,1
1,0.008711357,0,0,0,1
1,0.005599015,0,0,0,1
1,0.004393535,0,0,0,1
1,0.025585331,0,0,0,1
1,0.022734754,0,0,0,1
1,0.025014758,0,0,0,1
1,0.022499092,0,0,0,1
1,0.026880879,0,0,0,1
1,0.025391875,0,0,0,1
1,0.014719901,0,0,0,1
1,0.015686148,0,0,0,1
1,0.033263979,0,0,0,1
1,0.022114356,0,0,0,1
1,0.039383921,0,0,0,1
1,0.070454408,0,0,0,1
1,0.051154179,0,0,0,1
1,0.019605923,0,0,0,1
1,0.031639136,0,0,0,1
1,0.027538577,0,0,0,1
1,0.014449711,0,0,0,1
1,0.00706234,0,0,0,1
1,0.005733479,0,0,0,1
1,0.010381464,0,0,0,1
1,0.009744873,0,0,0,1
1,0.007204957,0,0,0,1
1,0.009837351,0,0,0,1
1,0.010621617,0,0,0,1
1,0.013667666,0,0,0,1
1,0.01672988,0,0,0,1
1,0.015109999,0,0,0,1
1,0.020786706,0,0,0,1
1,0.025191371,0,0,0,1
1,0.056519062,0,0,0,1
1,0.004828915,0,0,0,1
1,0.042914726,0,0,0,1
1,0.097330389,0,0,0,1
1,0.082514483,0,0,0,1
1,0.068609128,0,0,0,1
1,0.048409163,0,0,0,1
1,0.101157051,0,0,0,1
1,0.400165914,0,0,0,0
1,0.04333724,0,0,0,0
1,0.044135018,0,0,0,1
1,0.078595912,0,0,0,1
1,0.037418183,0,0,0,1
1,0.029416446,0,0,0,1
1,0.049024372,0,0,0,1
1,0.029876373,0,0,0,1
1,0.042260588,0,0,0,1
1,0.024520877,0,0,0,1
1,0.03738418,0,0,0,1
1,0.03479332,0,0,0,1
1,0.044435179,0,0,0,1
1,0.033997712,0,0,0,1
1,0.026116503,0,0,0,1
1,0.044241644,0,0,0,1
1,0.044728146,0,0,0,1
1,0.054575406,0,0,0,1
1,0.029914564,0,0,0,1
1,0.029992044,0,0,0,1
1,0.054183433,0,0,0,1
1,0.05189743,0,0,0,1
1,0.048438133,0,0,0,1
1,0.054290729,0,0,0,1
1,0.051147815,0,0,0,1
1,0.050536267,0,0,0,1
1,0.050997505,0,0,0,1
1,0.039821418,0,0,0,1
1,0.032700933,0,0,0,1
1,0.027854036,0,0,0,1
1,0.044958449,0,0,0,1
1,0.029190775,0,0,0,1
1,0.073862504,0,0,0,0
1,0.073357244,0,0,0,0
1,0.068266818,0,0,0,0
1,0.04220577,0,0,0,0
1,0.024899165,0,0,0,0
1,0.017533118,0,0,0,0
1,0.021415637,0,0,0,0
1,0.020485089,0,0,0,0
1,0.024148789,0,0,0,0
1,0.020197108,0,0,0,0
1,0.021074516,0,0,0,0
1,0.031892049,0,0,0,0
1,0.045368585,0,0,0,0
1,0.047369721,0,0,0,0
1,0.025022439,0,0,0,0
1,0.030635977,0,0,0,0
1,0.035190129,0,0,0,0
1,0.038948534,0,0,0,0
1,0.030461503,0,0,0,0
1,0.029361558,0,0,0,0
1,0.02764522,0,0,0,0
1,0.037633178,0,0,0,0
1,0.038743232,0,0,0,0
1,0.033345677,0,0,0,0
1,0.054136199,0,0,0,0
1,0.040112658,0,0,0,0
1,0.074068444,0,0,0,0
1,0.060298791,0,0,0,0
1,0.033591026,0,0,0,0
1,0.021122094,0,0,0,0
1,0.056440765,0,0,0,0
1,0.054045646,0,0,0,0
1,0.03687777,0,0,0,0
1,0.019421183,0,0,0,0
1,0.050089424,0,0,0,0
1,0.04071463,0,0,0,0
1,0.04091913,0,0,0,0
1,0.023355758,0,0,0,0
1,0.025754346,0,0,0,0
1,0.031628415,0,0,0,0
1,0.03954373,0,0,0,0
1,0.03483287,0,0,0,0
1,0.031413274,0,0,0,0
1,0.034514317,0,0,0,0
1,0.035093465,0,0,0,0
1,0.019664013,0,0,0,0
1,0.031197737,0,0,0,0
1,0.04013452,0,0,0,0
1,0.041214929,0,0,0,0
1,0.042011221,0,0,0,0
1,0.035926152,0,0,0,0
1,0.046205167,0,0,0,0
1,0.054323222,0,0,0,0
1,0.04556433,0,0,0,0
1,0.040032317,0,0,0,0
1,0.057246292,0,0,0,0
1,0.04485761,0,0,0,0
1,0.047151388,0,0,0,0
1,0.046066804,0,0,0,0
1,0.020776262,0,0,0,0
1,0.022035957,0,0,0,0
1,0.083191635,0,0,0,0
1,0.035836995,0,0,0,0
1,0.018590942,0,0,0,0
1,0.032418986,0,0,0,0
1,0.037139266,0,0,0,0
1,0.026006938,0,0,0,0
1,0.019160535,0,0,0,0
1,0.028828535,0,0,0,0
1,0.035597314,0,0,0,0
1,0.030251179,0,0,0,0
1,0.015959063,0,0,0,0
1,0.016573196,0,0,0,0
1,0.018246265,0,0,0,0
1,0.013958273,0,0,0,0
1,0.01447199,0,0,0,0
1,0.03092252,0,0,0,0
1,0.027281893,0,0,0,0
1,0.009634979,0,0,0,0
1,0.010667176,0,0,0,0
1,0.01579588,0,0,0,0
1,0.029450282,0,0,0,0
1,0.02559898,0,0,0,0
1,0.010600097,0,0,0,0
1,0.026307767,0,0,0,0
1,0.129628959,0,0,0,0
1,0.03756824,0,0,0,0
1,0.039407078,0,0,0,0
1,0.046698979,0,0,0,0
1,0.044483845,0,0,0,0
1,0.042532313,0,0,0,0
1,0.03957502,0,0,0,0
1,0.051528549,0,0,0,0
1,0.04594119,0,0,0,0
1,0.0401117,0,0,0,0
1,0.051898911,0,0,0,0
1,0.056286916,0,0,0,0
1,0.055662051,0,0,0,0
1,0.053437328,0,0,0,0
1,0.05503307,0,0,0,0
1,0.048897178,0,0,0,0
1,0.051336102,0,0,0,0
1,0.052510498,0,0,0,0
1,0.04781595,0,0,0,0
1,0.032225688,0,0,0,0
1,0.040376329,0,0,0,0
1,0.047448144,0,0,0,0
1,0.028398385,0,0,0,0
1,0.031232973,0,0,0,0
1,0.029774798,0,0,0,0
1,0.028327761,0,0,0,0
1,0.029731295,0,0,0,0
1,0.028479633,0,0,0,0
1,0.028739504,0,0,0,0
1,0.028987377,0,0,0,0
1,0.029055892,0,0,0,0
1,0.031579806,0,0,0,0
1,0.030805977,0,0,0,0
1,0.02990436,0,0,0,0
1,0.029638302,0,0,0,0
1,0.028499472,0,0,0,0
1,0.028738639,0,0,0,0
1,0.029058421,0,0,0,0
1,0.030814158,0,0,0,0
1,0.030695878,0,0,0,0
1,0.031275254,0,0,0,0
1,0.0319319,0,0,0,0
1,0.029575264,0,0,0,0
1,0.029315282,0,0,0,0
1,0.028963423,0,0,0,0
1,0.028558709,0,0,0,0
1,0.028900908,0,0,0,0
1,0.028527699,0,0,0,0
1,0.028590634,0,0,0,0
1,0.028444006,0,0,0,0
1,0.029102774,0,0,0,0
1,0.133733099,0,0,0,0
1,0.098376145,0,0,0,0
1,0.064831086,0,0,0,0
1,0.078471216,0,0,0,0
1,0.042995491,0,0,0,0
1,0.033513839,0,0,0,0
1,0.10559453,0,0,0,0
1,0.060714294,0,0,0,0
1,0.060572906,0,0,0,0
1,0.062149447,0,0,0,0
1,0.061297814,0,0,0,0
1,0.060673971,0,0,0,0
1,0.059667648,0,0,0,0
1,0.0567734,0,0,0,0
1,0.057371724,0,0,0,0
1,0.059489903,0,0,0,0
1,0.057880616,0,0,0,0
1,0.055171669,0,0,0,0
1,0.054384429,0,0,0,0
1,0.056995076,0,0,0,0
1,0.0454925,0,0,0,0
1,0.044807686,0,0,0,0
1,0.044873635,0,0,0,0
1,0.045027969,0,0,0,0
1,0.044235562,0,0,0,0
1,0.0435069,0,0,0,0
1,0.044651426,0,0,0,0
1,0.04559843,0,0,0,0
1,0.046841436,0,0,0,0
1,0.045588042,0,0,0,0
1,0.046582108,0,0,0,0
1,0.047590853,0,0,0,0
1,0.04489751,0,0,0,0
1,0.045066187,0,0,0,0
1,0.044946152,0,0,0,0
1,0.044790426,0,0,0,0
1,0.047213393,0,0,0,0
1,0.10991142,0,0,0,0
1,0.111098508,0,0,0,0
1,0.119755843,0,0,0,0
1,0.114700575,0,0,0,0
1,0.109839392,0,0,0,0
1,0.120868715,0,0,0,0
1,0.117841357,0,0,0,0
1,0.118716775,0,0,0,0
1,0.119782828,0,0,0,0
1,0.118082704,0,0,0,0
1,0.115242773,0,0,0,0
1,0.115576299,0,0,0,0
1,0.116721655,0,0,0,0
1,0.115244872,0,0,0,0
1,0.115197014,0,0,0,0
1,0.047840625,0,0,0,0
1,0.065676061,0,0,0,0
1,0.115274118,0,0,0,0
1,0.043457557,0,0,0,0
1,0.056575296,0,0,0,0
1,0.050182049,0,0,0,0
1,0.042884555,0,0,0,0
1,0.049887348,0,0,0,0
1,0.046434766,0,0,0,0
1,0.047087573,0,0,0,0
1,0.047824555,0,0,0,0
1,0.046306733,0,0,0,0
1,0.051259172,0,0,0,0
1,0.050253182,0,0,0,0
1,0.049219634,0,0,0,0
1,0.05182936,0,0,0,0
1,0.055420523,0,0,0,0
1,0.062397756,0,0,0,0
1,0.049863708,0,0,0,0
1,0.050807118,0,0,0,0
1,0.019955157,0,0,0,0
1,0.033075209,0,0,0,0
1,0.046728719,0,0,0,0
1,0.011958591,0,0,0,0
1,0.037696865,0,0,0,0
1,0.030726466,0,0,0,0
1,0.016316035,0,0,0,0
1,0.035942164,0,0,0,0
1,0.03949098,0,0,0,0
1,0.036539523,0,0,0,0
1,0.034767741,0,0,0,0
1,0.038991639,0,0,0,0
1,0.039843015,0,0,0,0
1,0.039168925,0,0,0,0
1,0.038498889,0,0,0,0
1,0.037487482,0,0,0,0
1,0.04147707,0,0,0,0
1,0.039330584,0,0,0,0
1,0.037351055,0,0,0,0
1,0.041525555,0,0,0,0
1,0.038248227,0,0,0,0
1,0.038824027,0,0,0,0
1,0.039968788,0,0,0,0
1,0.037739333,0,0,0,0
1,0.038028683,0,0,0,0
1,0.03918292,0,0,0,0
1,0.038272838,0,0,0,0
1,0.037756792,0,0,0,0
1,0.037912218,0,0,0,0
1,0.036713316,0,0,0,0
1,0.036815061,0,0,0,0
1,0.03682464,0,0,0,0
1,0.036490238,0,0,0,0
1,0.036964539,0,0,0,0
1,0.036744002,0,0,0,0
1,0.03679181,0,0,0,0
1,0.036909483,0,0,0,0
1,0.036965946,0,0,0,0
1,0.036572796,0,0,0,0
1,0.037595942,0,0,0,0
1,0.037168961,0,0,0,0
1,0.036999905,0,0,0,0
1,0.03793365,0,0,0,0
1,0.037555841,0,0,0,0
1,0.037894055,0,0,0,0
1,0.038232973,0,0,0,0
1,0.037866033,0,0,0,0
1,0.038965596,0,0,0,0
1,0.038785632,0,0,0,0
1,0.039469936,0,0,0,0
1,0.039625517,0,0,0,0
1,0.039132458,0,0,0,0
1,0.112116662,0,0,0,0
1,0.112387516,0,0,0,0
1,0.11101382,0,0,0,0
1,0.10793572,0,0,0,0
1,0.109197325,0,0,0,0
1,0.110564912,0,0,0,0
1,0.107026033,0,0,0,0
1,0.107006481,0,0,0,0
1,0.107010812,0,0,0,0
1,0.123146483,0,0,0,0
1,0.131692223,0,0,0,0
1,0.054254675,0,0,0,0
1,0.083592189,0,0,0,0
1,0.106843364,0,0,0,0
1,0.047676927,0,0,0,0
1,0.022047189,0,0,0,0
1,0.02689097,0,0,0,0
1,0.030885282,0,0,0,0
1,0.024836206,0,0,0,0
1,0.025198684,0,0,0,0
1,0.024851312,0,0,0,0
1,0.024709304,0,0,0,0
1,0.024747018,0,0,0,0
1,0.027039373,0,0,0,0
1,0.026365412,0,0,0,0
1,0.025561417,0,0,0,0
1,0.024916275,0,0,0,0
1,0.027169538,0,0,0,0
1,0.02846117,0,0,0,0
1,0.027775192,0,0,0,0
1,0.032932758,0,0,0,0
1,0.031120244,0,0,0,0
1,0.029375414,0,0,0,0
1,0.034025166,0,0,0,0
1,0.026931967,0,0,0,0
1,0.029800718,0,0,0,0
1,0.033145608,0,0,0,0
1,0.027437576,0,0,0,0
1,0.022920356,0,0,0,0
1,0.025304021,0,0,0,0
1,0.027722355,0,0,0,0
1,0.022957858,0,0,0,0
1,0.024749393,0,0,0,0
1,0.024185928,0,0,0,0
1,0.02368097,0,0,0,0
1,0.024006533,0,0,0,0
1,0.023406813,0,0,0,0
1,0.02337719,0,0,0,0
1,0.023317345,0,0,0,0
1,0.022392071,0,0,0,0
1,0.031132193,0,0,0,0
1,0.029863658,0,0,0,0
1,0.021531661,0,0,0,0
1,0.034684765,0,0,0,0
1,0.03169329,0,0,0,0
1,0.038808651,0,0,0,0
1,0.036462997,0,0,0,0
1,0.04219969,0,0,0,0
1,0.041528631,0,0,0,0
1,0.042300318,0,0,0,0
1,0.042333923,0,0,0,0
1,0.041586787,0,0,0,0
1,0.043350124,0,0,0,0
1,0.042648804,0,0,0,0
1,0.041925216,0,0,0,0
1,0.042431862,0,0,0,0
1,0.043415579,0,0,0,0
1,0.027297716,0,0,0,0
1,0.032502008,0,0,0,0
1,0.025821195,0,0,0,0
1,0.024212415,0,0,0,0
1,0.018678054,0,0,0,0
1,0.019852074,0,0,0,0
1,0.025411946,0,0,0,0
1,0.023324955,0,0,0,0
1,0.028782699,0,0,0,0
1,0.027199104,0,0,0,0
1,0.025704699,0,0,0,0
1,0.029859986,0,0,0,0
1,0.02427606,0,0,0,0
1,0.026378914,0,0,0,0
1,0.028781599,0,0,0,0
1,0.023379027,0,0,0,0
1,0.025588291,0,0,0,0
1,0.021688904,0,0,0,0
1,0.022313229,0,0,0,0
1,0.027990712,0,0,0,0
1,0.028106903,0,0,0,0
1,0.116345608,0,0,0,0
1,0.116944821,0,0,0,0
1,0.115567995,0,0,0,0
1,0.133166122,0,0,0,0
1,0.127498215,0,0,0,0
1,0.119165671,0,0,0,0
1,0.091383221,0,0,0,0
1,0.112841886,0,0,0,0
1,0.133186443,0,0,0,0
1,0.075292439,0,0,0,0
1,0.056531521,0,0,0,0
1,0.063619987,0,0,0,0
1,0.02826896,0,0,0,0
1,0.030328805,0,0,0,0
1,0.037605773,0,0,0,0
1,0.032846558,0,0,0,0
1,0.035643869,0,0,0,0
1,0.034645046,0,0,0,0
1,0.033527699,0,0,0,0
1,0.036841091,0,0,0,0
1,0.035794007,0,0,0,0
1,0.03346155,0,0,0,0
1,0.035466653,0,0,0,0
1,0.030673922,0,0,0,0
1,0.031523879,0,0,0,0
1,0.030633209,0,0,0,0
1,0.030624499,0,0,0,0
1,0.028536732,0,0,0,0
1,0.029597921,0,0,0,0
1,0.03069028,0,0,0,0
1,0.028066172,0,0,0,0
1,0.026982246,0,0,0,0
1,0.027576685,0,0,0,0
1,0.028245037,0,0,0,0
1,0.026276424,0,0,0,0
1,0.029869108,0,0,0,0
1,0.027620266,0,0,0,0
1,0.025488964,0,0,0,0
1,0.030769884,0,0,0,0
1,0.028515769,0,0,0,0
1,0.028802369,0,0,0,0
1,0.02933918,0,0,0,0
1,0.028175031,0,0,0,0
1,0.111765521,0,0,0,0
1,0.094561561,0,0,0,0
1,0.099898453,0,0,0,1
1,0.036786248,0,0,0,1
1,0.079419697,0,0,0,1
1,0.038330419,0,0,0,1
1,0.034600348,0,0,0,1
1,0.012708241,0,0,0,1
1,0.003396301,0,0,0,1
1,0.016205919,0,0,0,1
1,0.050185788,0,0,0,1
1,0.047778251,0,0,0,1
1,0.020470847,0,0,0,1
1,0.013293587,0,0,0,1
1,0.01590059,0,0,0,1
1,0.031018661,0,0,0,1
1,0.02268428,0,0,0,1
1,0.009339965,0,0,0,1
1,0.02304102,0,0,0,1
1,0.025584492,0,0,0,1
1,0.034532915,0,0,0,1
1,0.044362693,0,0,0,1
1,0.033918185,0,0,0,0
1,0.034692,0,0,0,0
1,0.035880971,0,0,0,0
1,0.034290845,0,0,0,0
1,0.03426974,0,0,0,0
1,0.08748184,0,0,0,0
1,0.035626866,0,0,0,0
1,0.130620149,0,0,0,0
1,0.166340176,0,0,0,0
1,0.146562876,0,0,0,0
1,0.141156257,0,0,0,0
1,0.170791972,0,0,0,0
1,0.169018623,0,0,0,0
1,0.147792187,0,0,0,0
1,0.159150185,0,0,0,0
1,0.171067645,0,0,0,0
1,0.137803359,0,0,0,0
1,0.134166332,0,0,0,0
1,0.138859124,0,0,0,0
1,0.030908954,0,0,0,0
1,0.031429248,0,0,0,0
1,0.039608654,0,0,0,0
1,0.034896161,0,0,0,0
1,0.012859977,0,0,0,0
1,0.039027978,0,0,0,0
1,0.037873406,0,0,0,0
1,0.046511631,0,0,0,0
1,0.054921955,0,0,0,0
1,0.047714919,0,0,0,0
1,0.033013838,0,0,0,0
1,0.073686875,0,0,0,1
1,0.053454333,0,0,0,1
1,0.048897964,0,0,0,1
1,0.100608505,0,0,0,1
1,0.080422835,0,0,0,1
1,0.083419063,0,0,0,1
1,0.12521686,0,0,0,1
1,0.05345262,0,0,0,1
1,0.055625158,0,0,0,1
1,0.033793041,0,0,0,1
1,0.024386773,0,0,0,1
1,0.021969476,0,0,0,1
1,0.024963821,0,0,0,1
1,0.028720382,0,0,0,1
1,0.0121749,0,0,0,1
1,0.025382257,0,0,0,1
1,0.017221454,0,0,0,1
1,0.019085698,0,0,0,1
1,0.041266159,0,0,0,1
1,0.031225371,0,0,0,1
1,0.028589527,0,0,0,1
1,0.027934277,0,0,0,1
1,0.053168947,0,0,0,0
1,0.018893479,0,0,0,0
1,0.018197815,0,0,0,0
1,0.052444949,0,0,0,0
1,0.028575804,0,0,0,0
1,0.029901184,0,0,0,0
1,0.042478751,0,0,0,0
1,0.035315828,0,0,0,0
1,0.042875961,0,0,0,0
1,0.024518065,0,0,0,0
1,0.053949555,0,0,0,0
1,0.052446242,0,0,0,0
1,0.047111694,0,0,0,0
1,0.053248722,0,0,0,0
1,0.053970902,0,0,0,0
1,0.04612039,0,0,0,0
1,0.053996345,0,0,0,0
1,0.054704194,0,0,0,0
1,0.040902855,0,0,0,0
1,0.060321489,0,0,0,0
1,0.013058857,0,0,0,0
1,0.100521232,0,0,0,1
1,0.082883591,0,0,0,1
1,0.082362124,0,0,0,1
1,0.084816303,0,0,0,1
1,0.045908699,0,0,0,1
1,0.05868936,0,0,0,1
1,0.064605484,0,0,0,1
1,0.038117132,0,0,0,1
1,0.039842079,0,0,0,1
1,0.038981027,0,0,0,1
1,0.041060772,0,0,0,1
1,0.037432288,0,0,0,1
1,0.041541123,0,0,0,1
1,0.032064309,0,0,0,1
1,0.037637954,0,0,0,1
1,0.042163967,0,0,0,1
1,0.042813931,0,0,0,1
1,0.048384708,0,0,0,1
1,0.042153832,0,0,0,1
1,0.03868118,0,0,0,1
1,0.041201569,0,0,0,1
1,0.045521762,0,0,0,1
1,0.043981226,0,0,0,1
1,0.044659223,0,0,0,1
1,0.02249653,0,0,0,1
1,0.062607428,0,0,0,1
1,0.06265035,0,0,0,1
1,0.047812711,0,0,0,1
1,0.055729435,0,0,0,1
1,0.057062967,0,0,0,0
1,0.062015779,0,0,0,0
1,0.12666213,0,0,0,0
1,0.126887369,0,0,0,0
1,0.128912064,0,0,0,1
1,0.099740632,0,0,0,1
1,0.066653223,0,0,0,1
1,0.058341067,0,0,0,1
1,0.069922812,0,0,0,1
1,0.022584394,0,0,0,1
1,0.071050962,0,0,0,1
1,0.047554616,0,0,0,1
1,0.054039956,0,0,0,1
1,0.027866533,0,0,0,1
1,0.0180061,0,0,0,1
1,0.034352007,0,0,0,1
1,0.01543076,0,0,0,1
1,0.033631015,0,0,0,1
1,0.021508969,0,0,0,1
1,0.040636537,0,0,0,0
1,0.035571614,0,0,0,0
1,0.03531554,0,0,0,0
1,0.030172867,0,0,0,0
1,0.08248849,0,0,0,0
1,0.065432643,0,0,0,0
1,0.095677859,0,0,0,1
1,0.054419587,0,0,0,1
1,0.066133755,0,0,0,1
1,0.086885715,0,0,0,1
1,0.050492159,0,0,0,1
1,0.030839278,0,0,0,1
1,0.032351025,0,0,0,1
1,0.038750117,0,0,0,1
1,0.062262606,0,0,0,1
1,0.02462847,0,0,0,1
1,0.020930916,0,0,0,1
1,0.02961705,0,0,0,1
1,0.022951357,0,0,0,1
1,0.023064851,0,0,0,1
1,0.029717795,0,0,0,1
1,0.024045867,0,0,0,1
1,0.0319445,0,0,0,0
1,0.0370472,0,0,0,0
1,0.039054848,0,0,0,0
1,0.038974502,0,0,0,0
1,0.0628506,0,0,0,1
1,0.050533493,0,0,0,1
1,0.039929456,0,0,0,1
1,0.048553354,0,0,0,1
1,0.036685348,0,0,0,1
1,0.064626897,0,0,0,1
1,0.064280141,0,0,0,1
1,0.059578178,0,0,0,1
1,0.046565943,0,0,0,1
1,0.046745529,0,0,0,1
1,0.047133332,0,0,0,1
1,0.044709743,0,0,0,1
1,0.046525409,0,0,0,1
1,0.047663908,0,0,0,1
1,0.046235641,0,0,0,0
1,0.04490393,0,0,0,0
1,0.047765781,0,0,0,0
1,0.050539689,0,0,0,0
1,0.099104497,0,0,0,0
1,0.069197642,0,0,0,0
1,0.052432359,0,0,0,0
1,0.102023744,0,0,0,0
1,0.113771146,0,0,0,0
1,0.095852938,0,0,0,0
1,0.101106807,0,0,0,0
1,0.098783251,0,0,0,0
1,0.134543436,0,0,0,0
1,0.136367989,0,0,0,0
1,0.137190935,0,0,0,0
1,0.138186497,0,0,0,0
1,0.136460071,0,0,0,0
1,0.133180934,0,0,0,0
1,0.134783718,0,0,0,0
1,0.136425473,0,0,0,0
1,0.132828245,0,0,0,0
1,0.128130696,0,0,0,0
1,0.130740199,0,0,0,0
1,0.121340396,0,0,0,0
1,0.123226823,0,0,0,0
1,0.111733161,0,0,0,0
1,0.112785983,0,0,0,0
1,0.114864738,0,0,0,0
1,0.112252947,0,0,0,0
1,0.11318828,0,0,0,0
1,0.114261166,0,0,0,0
1,0.107573307,0,0,0,0
1,0.047175117,0,0,0,0
1,0.069835424,0,0,0,0
1,0.093247925,0,0,0,0
1,0.043825141,0,0,0,0
1,0.03539659,0,0,0,0
1,0.037728788,0,0,0,0
1,0.041053283,0,0,0,0
1,0.034941256,0,0,0,0
1,0.035782604,0,0,0,0
1,0.035437413,0,0,0,0
1,0.035105994,0,0,0,0
1,0.035969296,0,0,0,0
1,0.033893046,0,0,0,0
1,0.034664259,0,0,0,0
1,0.035860613,0,0,0,0
1,0.033601154,0,0,0,0
1,0.035069008,0,0,0,0
1,0.034246246,0,0,0,0
1,0.03415224,0,0,0,0
1,0.035841821,0,0,0,0
1,0.039569821,0,0,0,0
1,0.038303691,0,0,0,0
1,0.036980958,0,0,0,0
1,0.03950137,0,0,0,0
1,0.036722214,0,0,0,0
1,0.037595642,0,0,0,0
1,0.038336494,0,0,0,0
1,0.036779918,0,0,0,0
1,0.039494759,0,0,0,0
1,0.039969693,0,0,0,0
1,0.038135634,0,0,0,0
1,0.041629333,0,0,0,0
1,0.039439193,0,0,0,0
1,0.040678631,0,0,0,0
1,0.041936378,0,0,0,0
1,0.040584985,0,0,0,0
1,0.03960109,0,0,0,0
1,0.040992577,0,0,0,0
1,0.041073709,0,0,0,0
1,0.038457112,0,0,0,0
1,0.035690174,0,0,0,0
1,0.03676098,0,0,0,0
1,0.03782036,0,0,0,0
1,0.036476202,0,0,0,0
1,0.034630425,0,0,0,0
1,0.035326933,0,0,0,0
1,0.036214569,0,0,0,0
1,0.034790039,0,0,0,0
1,0.036114669,0,0,0,0
1,0.035535749,0,0,0,0
1,0.035103933,0,0,0,0
1,0.036007429,0,0,0,0
1,0.097172318,0,0,0,0
1,0.063924961,0,0,0,0
1,0.045381265,0,0,0,0
1,0.100442819,0,0,0,0
1,0.078663152,0,0,0,0
1,0.110902568,0,0,0,0
1,0.10045665,0,0,0,0
1,0.040473782,0,0,0,0
1,0.060556779,0,0,0,0
1,0.046714711,0,0,0,0
1,0.045567233,0,0,0,0
1,0.02334259,0,0,0,0
1,0.020188878,0,0,0,0
1,0.056456946,0,0,0,0
1,0.051363971,0,0,0,0
1,0.057047651,0,0,0,0
1,0.056932467,0,0,0,0
1,0.057286246,0,0,0,0
1,0.033185964,0,0,0,0
1,0.040710132,0,0,0,0
1,0.048380409,0,0,0,0
1,0.056027162,0,0,0,0
1,0.031519827,0,0,0,0
1,0.043020146,0,0,0,0
1,0.037313174,0,0,0,0
1,0.031618335,0,0,0,0
1,0.048024319,0,0,0,0
1,0.05000332,0,0,0,0
1,0.032890477,0,0,0,0
1,0.034309465,0,0,0,0
1,0.031877194,0,0,0,0
1,0.03101979,0,0,0,0
1,0.030694994,0,0,0,0
1,0.030291174,0,0,0,0
1,0.028739937,0,0,0,0
1,0.086173424,0,0,0,0
1,0.042358296,0,0,0,0
1,0.025179521,0,0,0,0
1,0.08100265,0,0,0,0
1,0.029750186,0,0,0,1
1,0.046959081,0,0,0,1
1,0.066097183,0,0,0,1
1,0.066739611,0,0,0,1
1,0.048343454,0,0,0,1
1,0.031921597,0,0,0,1
1,0.026444185,0,0,0,1
1,0.028603244,0,0,0,1
1,0.054812533,0,0,0,1
1,0.008329119,0,0,0,1
1,0.012360666,0,0,0,1
1,0.03347658,0,0,0,1
1,0.038315464,0,0,0,1
1,0.028696165,0,0,0,1
1,0.023457757,0,0,0,1
1,0.035642315,0,0,0,1
1,0.040372689,0,0,0,1
1,0.040742441,0,0,0,1
1,0.035500708,0,0,0,1
1,0.03105592,0,0,0,1
1,0.021019732,0,0,0,1
1,0.033135546,0,0,0,1
1,0.028495545,0,0,0,1
1,0.030249797,0,0,0,1
1,0.045598356,0,0,0,0
1,0.040960438,0,0,0,0
1,0.022583893,0,0,0,0
1,0.023067792,0,0,0,0
1,0.031935298,0,0,0,0
1,0.029471539,0,0,0,0
1,0.033418449,0,0,0,0
1,0.029229938,0,0,0,0
1,0.027252748,0,0,0,0
1,0.030716789,0,0,0,0
1,0.034237299,0,0,0,0
1,0.02615638,0,0,0,0
1,0.047150142,0,0,0,0
1,0.039872511,0,0,0,0
1,0.032984549,0,0,0,0
1,0.029445867,0,0,0,0
1,0.045219039,0,0,0,0
1,0.047593964,0,0,0,0
1,0.051434679,0,0,0,0
1,0.032781448,0,0,0,0
1,0.039720828,0,0,0,0
1,0.027847826,0,0,0,0
1,0.015875901,0,0,0,0
1,0.041351839,0,0,0,1
1,0.02375613,0,0,0,1
1,0.016478732,0,0,0,1
1,0.030453449,0,0,0,1
1,0.02697374,0,0,0,1
1,0.034228548,0,0,0,0
1,0.026624435,0,0,0,0
1,0.03337509,0,0,0,0
1,0.040377197,0,0,0,0
1,0.024730934,0,0,0,0
1,0.01763482,0,0,0,0
1,0.03216737,0,0,0,0
1,0.023762125,0,0,0,0
1,0.027711016,0,0,0,0
1,0.026413859,0,0,0,0
1,0.027026619,0,0,0,0
1,0.038389239,0,0,0,0
1,0.043654232,0,0,0,0
1,0.015667761,0,0,0,0
1,0.011926977,0,0,0,0
1,0.038987058,0,0,0,0
1,0.043474591,0,0,0,0
1,0.024450981,0,0,0,0
1,0.014915808,0,0,0,0
1,0.023470379,0,0,0,0
1,0.157315475,0,0,0,0
1,0.15427089,0,0,0,0
1,0.172124991,0,0,0,0
1,0.169948763,0,0,0,0
1,0.167778036,0,0,0,0
1,0.170120965,0,0,0,0
1,0.038422941,0,0,0,0
1,0.036425497,0,0,0,0
1,0.084291854,0,0,0,0
1,0.049256528,0,0,0,0
1,0.048415257,0,0,0,0
1,0.047846485,0,0,0,0
1,0.048687181,0,0,0,0
1,0.048111192,0,0,0,0
1,0.047138944,0,0,0,0
1,0.039967176,0,0,0,0
1,0.038561087,0,0,0,1
1,0.039238157,0,0,0,1
1,0.023757653,0,0,0,1
1,0.024704317,0,0,0,1
1,0.045609238,0,0,0,1
1,0.03404267,0,0,0,1
1,0.023878441,0,0,0,1
1,0.022105563,0,0,0,1
1,0.029311002,0,0,0,1
1,0.036635117,0,0,0,1
1,0.032735138,0,0,0,1
1,0.030628042,0,0,0,1
1,0.029391419,0,0,0,1
1,0.03480482,0,0,0,1
1,0.030511708,0,0,0,1
1,0.037973621,0,0,0,1
1,0.030233649,0,0,0,1
1,0.040264886,0,0,0,1
1,0.039853086,0,0,0,1
1,0.040552467,0,0,0,1
1,0.04151981,0,0,0,1
1,0.036159339,0,0,0,1
1,0.009444556,0,0,0,1
1,0.01808303,0,0,0,1
1,0.056084595,0,0,0,1
1,0.037417186,0,0,0,1
1,0.039661218,0,0,0,0
1,0.02868931,0,0,0,0
1,0.008354595,0,0,0,0
1,0.009182385,0,0,0,0
1,0.036318334,0,0,0,0
1,0.03048339,0,0,0,0
1,0.06250797,0,0,0,0
1,0.060477953,0,0,0,0
1,0.040574288,0,0,0,0
1,0.0575312,0,0,0,0
1,0.032355497,0,0,0,0
1,0.037614189,0,0,0,0
1,0.037354081,0,0,0,0
1,0.038376782,0,0,0,0
1,0.033758099,0,0,0,0
1,0.035348462,0,0,0,0
1,0.021474465,0,0,0,0
1,0.026874949,0,0,0,0
1,0.032800305,0,0,0,0
1,0.017501239,0,0,0,0
1,0.015681103,0,0,0,0
1,0.016621553,0,0,0,0
1,0.015209101,0,0,0,0
1,0.01548889,0,0,0,0
1,0.018056568,0,0,0,0
1,0.016467272,0,0,0,0
1,0.020902705,0,0,0,0
1,0.019558644,0,0,0,0
1,0.017676821,0,0,0,0
1,0.01991552,0,0,0,0
1,0.02092854,0,0,0,0
1,0.014652165,0,0,0,0
1,0.017367802,0,0,0,0
1,0.017076501,0,0,0,0
1,0.017040716,0,0,0,0
1,0.01767631,0,0,0,0
1,0.01579588,0,0,0,0
1,0.01655518,0,0,0,0
1,0.017581021,0,0,0,0
1,0.015751088,0,0,0,0
1,0.017886484,0,0,0,0
1,0.017745434,0,0,0,0
1,0.017624625,0,0,0,0
1,0.017941887,0,0,0,0
1,0.103484132,0,0,0,0
1,0.103484132,0,0,0,0
1,0.221556151,0,0,0,0
1,0.224310126,0,0,0,0
1,0.015291158,0,0,0,0
1,0.014175967,0,0,0,0
1,0.017602098,0,0,0,0
1,0.037294265,0,0,0,0
1,0.021095693,0,0,0,0
1,0.022871774,0,0,0,0
1,0.022025181,0,0,0,0
1,0.023144943,0,0,0,0
1,0.024487616,0,0,0,0
1,0.021132634,0,0,0,0
1,0.008437666,0,0,0,0
1,0.019932541,0,0,0,0
1,0.020506434,0,0,0,0
1,0.02008086,0,0,0,0
1,0.024529312,0,0,0,0
1,0.022174746,0,0,0,0
1,0.0215537,0,0,0,0
1,0.025571145,0,0,0,0
1,0.022359738,0,0,0,0
1,0.023352709,0,0,0,0
1,0.024505152,0,0,0,0
1,0.022405849,0,0,0,0
1,0.005660059,0,0,0,0
1,0.023170522,0,0,0,0
1,0.023224126,0,0,0,0
1,0.024402436,0,0,0,0
1,0.031423241,0,0,0,0
1,0.040980138,0,0,0,0
1,0.006145529,0,0,0,0
1,0.038477683,0,0,0,0
1,0.024925664,0,0,0,0
1,0.082812257,0,0,0,0
1,0.050617623,0,0,0,0
1,0.030217529,0,0,0,0
1,0.02784811,0,0,0,0
1,0.02917869,0,0,0,0
1,0.030459202,0,0,0,0
1,0.031290612,0,0,0,0
1,0.035545291,0,0,0,0
1,0.034770895,0,0,0,0
1,0.034078182,0,0,0,0
1,0.03331288,0,0,0,0
1,0.03568273,0,0,0,0
1,0.003894909,0,0,0,0
1,0.022499795,0,0,0,0
1,0.036352307,0,0,0,0
1,0.013940283,0,0,0,0
1,0.023037536,0,0,0,0
1,0.009771979,0,0,0,0
1,0.003755422,0,0,0,0
1,0.028660059,0,0,0,0
1,0.029154195,0,0,0,0
1,0.029114618,0,0,0,0
1,0.029088049,0,0,0,0
1,0.02665961,0,0,0,0
1,0.019409364,0,0,0,0
1,0.021639647,0,0,0,0
1,0.023989575,0,0,0,0
1,0.023555715,0,0,0,0
1,0.019922387,0,0,0,0
1,0.026685336,0,0,0,0
1,0.025502709,0,0,0,0
1,0.024211201,0,0,0,0
1,0.026992341,0,0,0,0
1,0.027023984,0,0,0,0
1,0.026108884,0,0,0,0
1,0.025678299,0,0,0,0
1,0.025078936,0,0,0,0
1,0.034814822,0,0,0,0
1,0.02914768,0,0,0,0
1,0.023592686,0,0,0,0
1,0.03228299,0,0,0,0
1,0.031839191,0,0,0,0
1,0.030104228,0,0,0,0
1,0.0284863,0,0,0,0
1,0.032558303,0,0,0,0
1,0.039887704,0,0,0,0
1,0.036964662,0,0,0,0
1,0.034139693,0,0,0,0
1,0.038758255,0,0,0,0
1,0.030878511,0,0,0,0
1,0.033623754,0,0,0,0
1,0.036592418,0,0,0,0
1,0.02630824,0,0,0,0
1,0.168694974,0,0,0,0
1,0.169030026,0,0,0,0
1,0.170183488,0,0,0,0
1,0.164643409,0,0,0,0
1,0.167092517,0,0,0,0
1,0.169513586,0,0,0,0
1,0.165715032,0,0,0,0
1,0.05646143,0,0,0,1
1,0.111538539,0,0,0,1
1,0.16760197,0,0,0,1
1,0.007678295,0,0,0,1
1,0.026229231,0,0,0,1
1,0.029375607,0,0,0,1
1,0.010685071,0,0,0,1
1,0.02500617,0,0,0,1
1,0.016633927,0,0,0,1
1,0.021131671,0,0,0,1
1,0.035403967,0,0,0,1
1,0.025646671,0,0,0,1
1,0.01668475,0,0,0,1
1,0.01846183,0,0,0,1
1,0.010559602,0,0,0,1
1,0.019504182,0,0,0,1
1,0.012588301,0,0,0,1
1,0.015520096,0,0,0,1
1,0.030453857,0,0,0,1
1,0.017101968,0,0,0,1
1,0.014982579,0,0,0,1
1,0.014316257,0,0,0,1
1,0.018764099,0,0,0,1
1,0.021153539,0,0,0,1
1,0.018037463,0,0,0,1
1,0.016726366,0,0,0,1
1,0.018406886,0,0,0,1
1,0.019032792,0,0,0,1
1,0.012945311,0,0,0,1
1,0.010980698,0,0,0,1
1,0.015004594,0,0,0,1
1,0.020790186,0,0,0,1
1,0.015514559,0,0,0,1
1,0.015956229,0,0,0,1
1,0.02860111,0,0,0,1
1,0.007619624,0,0,0,1
1,0.018749937,0,0,0,1
1,0.016335076,0,0,0,1
1,0.009786429,0,0,0,1
1,0.006410753,0,0,0,1
1,0.015316641,0,0,0,1
1,0.016816348,0,0,0,1
1,0.018554545,0,0,0,1
1,0.021638811,0,0,0,1
1,0.016029457,0,0,0,1
1,0.023674048,0,0,0,1
1,0.035290724,0,0,0,1
1,0.02973696,0,0,0,1
1,0.019994375,0,0,0,1
1,0.024282578,0,0,0,1
1,0.029723044,0,0,0,1
1,0.025572869,0,0,0,1
1,0.029626171,0,0,0,1
1,0.026532269,0,0,0,1
1,0.020705245,0,0,0,1
1,0.014799247,0,0,0,1
1,0.02075258,0,0,0,1
1,0.007876549,0,0,0,1
1,0.033696261,0,0,0,1
1,0.018158451,0,0,0,0
1,0.032352003,0,0,0,0
1,0.034436869,0,0,0,0
1,0.019948471,0,0,0,0
1,0.022776185,0,0,0,0
1,0.02220918,0,0,0,0
1,0.022087555,0,0,0,0
1,0.032591201,0,0,0,0
1,0.031483332,0,0,0,0
1,0.021592633,0,0,0,0
1,0.021078538,0,0,0,0
1,0.025355076,0,0,0,0
1,0.028175192,0,0,0,0
1,0.018476091,0,0,0,0
1,0.024260129,0,0,0,0
1,0.02110796,0,0,0,0
1,0.016901036,0,0,0,0
1,0.02132317,0,0,0,0
1,0.022386416,0,0,0,0
1,0.017432184,0,0,0,0
1,0.175220655,0,0,0,0
1,0.174148202,0,0,0,0
1,0.174745462,0,0,0,0
1,0.1760804,0,0,0,0
1,0.177508694,0,0,0,0
1,0.174883811,0,0,0,0
1,0.058145894,0,0,0,0
1,0.088107231,0,0,0,0
1,0.052238827,0,0,0,1
1,0.052475784,0,0,0,1
1,0.047718946,0,0,0,1
1,0.048233545,0,0,0,1
1,0.04822356,0,0,0,1
1,0.048391599,0,0,0,1
1,0.047992743,0,0,0,1
1,0.04623498,0,0,0,1
1,0.056227619,0,0,0,1
1,0.050448909,0,0,0,1
1,0.047927619,0,0,0,1
1,0.048508165,0,0,0,1
1,0.054522604,0,0,0,1
1,0.049362785,0,0,0,1
1,0.048111709,0,0,0,1
1,0.051532958,0,0,0,1
1,0.050433378,0,0,0,1
1,0.051139637,0,0,0,0
1,0.049633117,0,0,0,0
1,0.048301556,0,0,0,0
1,0.048530718,0,0,0,0
1,0.048765109,0,0,0,0
1,0.048240271,0,0,0,0
1,0.04955092,0,0,0,0
1,0.048975002,0,0,0,0
1,0.048409303,0,0,0,0
1,0.04873951,0,0,0,0
1,0.048842241,0,0,0,0
1,0.048039946,0,0,0,0
1,0.047258002,0,0,0,0
1,0.049715928,0,0,0,0
1,0.049321754,0,0,0,0
1,0.049729842,0,0,0,0
1,0.050163213,0,0,0,0
1,0.048140929,0,0,0,0
1,0.085996096,0,0,0,0
1,0.065816259,0,0,0,0
1,0.05157394,0,0,0,0
1,0.100834228,0,0,0,0
1,0.174448594,0,0,0,0
1,0.159621354,0,0,0,0
1,0.121449932,0,0,0,0
1,0.175359313,0,0,0,0
1,0.18796905,0,0,0,0
1,0.183595344,0,0,0,0
1,0.193338913,0,0,0,1
1,0.190468779,0,0,0,1
1,0.130301707,0,0,0,1
1,0.195384775,0,0,0,1
1,0.193962802,0,0,0,1
1,0.077830024,0,0,0,1
1,0.073806729,0,0,0,1
1,0.073480835,0,0,0,1
1,0.073347427,0,0,0,1
1,0.076189322,0,0,0,1
1,0.069701251,0,0,0,1
1,0.069613504,0,0,0,1
1,0.069384537,0,0,0,1
1,0.07115775,0,0,0,1
1,0.067259038,0,0,0,1
1,0.062729781,0,0,0,1
1,0.063588956,0,0,0,1
1,0.076929391,0,0,0,1
1,0.064966739,0,0,0,1
1,0.057971595,0,0,0,1
1,0.075637447,0,0,0,1
1,0.054166427,0,0,0,1
1,0.052624492,0,0,0,1
1,0.058417224,0,0,0,1
1,0.06342557,0,0,0,1
1,0.057981188,0,0,0,1
1,0.067171265,0,0,0,1
1,0.05805918,0,0,0,1
1,0.05767142,0,0,0,1
1,0.057404344,0,0,0,1
1,0.174755534,0,0,0,0
1,0.17603769,0,0,0,0
1,0.173811068,0,0,0,0
1,0.173701458,0,0,0,0
1,0.173675392,0,0,0,0
1,0.173790899,0,0,0,0
1,0.173845951,0,0,0,0
1,0.173798314,0,0,0,0
1,0.175216836,0,0,0,0
1,0.175180613,0,0,0,1
1,0.169123628,0,0,0,1
1,0.018072275,0,0,0,1
1,0.098055856,0,0,0,1
1,0.040765602,0,0,0,1
1,0.03875035,0,0,0,1
1,0.0362092,0,0,0,1
1,0.039591983,0,0,0,1
1,0.208910484,0,0,0,1
1,0.210968934,0,0,0,1
1,0.055008662,0,0,0,1
1,0.207815937,0,0,0,1
1,0.036469507,0,0,0,1
1,0.112437726,0,0,0,1
1,0.206914147,0,0,0,1
1,0.029627048,0,0,0,1
1,0.025185492,0,0,0,1
1,0.02235362,0,0,0,1
1,0.025674777,0,0,0,1
1,0.020677655,0,0,0,1
1,0.038141532,0,0,0,1
1,0.038805738,0,0,0,1
1,0.02744429,0,0,0,1
1,0.028367758,0,0,0,1
1,0.047685035,0,0,0,1
1,0.046423347,0,0,0,1
1,0.033670352,0,0,0,1
1,0.037845608,0,0,0,1
1,0.037406399,0,0,0,1
1,0.043943376,0,0,0,1
1,0.019444103,0,0,0,1
1,0.02010044,0,0,0,1
1,0.034785262,0,0,0,1
1,0.024500769,0,0,0,1
1,0.040743717,0,0,0,1
1,0.059223202,0,0,0,1
1,0.035931595,0,0,0,1
1,0.043312635,0,0,0,1
1,0.044538142,0,0,0,1
1,0.04131147,0,0,0,1
1,0.028503121,0,0,0,1
1,0.027940063,0,0,0,1
1,0.029551634,0,0,0,1
1,0.041090356,0,0,0,1
1,0.037937464,0,0,0,1
1,0.036040127,0,0,0,1
1,0.030699855,0,0,0,0
1,0.180925333,0,0,0,0
1,0.134891029,0,0,0,0
1,0.029892828,0,0,0,0
1,0.17978588,0,0,0,0
1,0.180253285,0,0,0,0
1,0.180008129,0,0,0,0
1,0.179860159,0,0,0,0
1,0.179280411,0,0,0,0
1,0.170395421,0,0,0,0
1,0.05412818,0,0,0,0
1,0.177709398,0,0,0,0
1,0.176592807,0,0,0,0
1,0.174829384,0,0,0,0
1,0.177383264,0,0,0,0
1,0.177337177,0,0,0,0
1,0.177293774,0,0,0,0
1,0.177389006,0,0,0,0
1,0.1404746,0,0,0,0
1,0.169368928,0,0,0,0
1,0.101730756,0,0,0,0
1,0.111958294,0,0,0,0
1,0.05645254,0,0,0,0
1,0.064605833,0,0,0,0
1,0.066564888,0,0,0,0
1,0.063969738,0,0,0,0
1,0.070407702,0,0,0,0
1,0.068085921,0,0,0,0
1,0.065324906,0,0,0,0
1,0.069124908,0,0,0,0
1,0.07068314,0,0,0,0
1,0.067930839,0,0,0,0
1,0.06795187,0,0,0,0
1,0.066235056,0,0,0,1
1,0.069344006,0,0,0,1
1,0.066832738,0,0,0,1
1,0.050483561,0,0,0,1
1,0.036512133,0,0,0,1
1,0.041946161,0,0,0,1
1,0.044157756,0,0,0,1
1,0.034612043,0,0,0,1
1,0.033439787,0,0,0,1
1,0.034003065,0,0,0,1
1,0.023714123,0,0,0,1
1,0.028624143,0,0,0,1
1,0.0282676,0,0,0,1
1,0.034524108,0,0,0,1
1,0.039088756,0,0,0,1
1,0.048901824,0,0,0,1
1,0.045572467,0,0,0,1
1,0.042379587,0,0,0,1
1,0.060843185,0,0,0,1
1,0.019907004,0,0,0,1
1,0.036946003,0,0,0,0
1,0.022254536,0,0,0,0
1,0.026182903,0,0,0,0
1,0.046817465,0,0,0,0
1,0.035113334,0,0,0,0
1,0.045792206,0,0,0,0
1,0.057177355,0,0,0,1
1,0.056877937,0,0,0,1
1,0.060704742,0,0,0,1
1,0.052222119,0,0,0,0
1,0.053750319,0,0,0,0
1,0.046493886,0,0,0,0
1,0.055471921,0,0,0,0
1,0.045292201,0,0,0,0
1,0.05757981,0,0,0,0
1,0.046665344,0,0,0,0
1,0.050326326,0,0,0,0
1,0.050259795,0,0,0,0
1,0.05523253,0,0,0,0
1,0.050207655,0,0,0,0
1,0.048477604,0,0,0,0
1,0.043675357,0,0,0,0
1,0.04823392,0,0,0,0
1,0.059516899,0,0,0,0
1,0.029395649,0,0,0,1
1,0.040325818,0,0,0,1
1,0.058771779,0,0,0,1
1,0.063295776,0,0,0,1
1,0.009980297,0,0,0,1
1,0.029121296,0,0,0,1
1,0.040243178,0,0,0,1
1,0.038107997,0,0,0,0
1,0.023791839,0,0,0,0
1,0.011537228,0,0,0,0
1,0.045727754,0,0,0,0
1,0.048079179,0,0,0,0
1,0.043609151,0,0,0,0
1,0.041067241,0,0,0,0
1,0.042619824,0,0,0,0
1,0.050283675,0,0,0,0
1,0.039798247,0,0,0,0
1,0.043932699,0,0,0,0
1,0.04808367,0,0,0,0
1,0.032306547,0,0,0,0
1,0.014467068,0,0,0,0
1,0.033536633,0,0,0,0
1,0.036492561,0,0,0,0
1,0.032130625,0,0,0,0
1,0.017961157,0,0,0,0
1,0.02689883,0,0,0,0
1,0.023078815,0,0,0,0
1,0.021827776,0,0,0,0
1,0.031727227,0,0,0,0
1,0.026411591,0,0,0,0
1,0.027338682,0,0,0,0
1,0.030643245,0,0,0,0
1,0.048464428,0,0,0,1
1,0.050520561,0,0,0,1
1,0.038963711,0,0,0,1
1,0.039944203,0,0,0,1
1,0.056805945,0,0,0,1
1,0.049456862,0,0,0,1
1,0.046497459,0,0,0,1
1,0.040649915,0,0,0,1
1,0.053353724,0,0,0,1
1,0.055989056,0,0,0,1
1,0.04640016,0,0,0,1
1,0.048828514,0,0,0,1
1,0.031202374,0,0,0,1
1,0.032446661,0,0,0,1
1,0.038147133,0,0,0,1
1,0.04310192,0,0,0,1
1,0.058484275,0,0,0,1
1,0.051923627,0,0,0,1
1,0.045330596,0,0,0,1
1,0.043892875,0,0,0,1
1,0.07287577,0,0,0,1
1,0.069471499,0,0,0,1
1,0.066556278,0,0,0,1
1,0.055509038,0,0,0,1
1,0.080640493,0,0,0,1
1,0.064355136,0,0,0,1
1,0.06835211,0,0,0,1
1,0.07299776,0,0,0,1
1,0.053707272,0,0,0,1
1,0.044805996,0,0,0,1
1,0.050733085,0,0,0,1
1,0.057346577,0,0,0,1
1,0.050838324,0,0,0,1
1,0.048619616,0,0,0,1
1,0.045796081,0,0,0,1
1,0.043075239,0,0,0,1
1,0.052743727,0,0,0,1
1,0.053159485,0,0,0,1
1,0.053004558,0,0,0,1
1,0.049550897,0,0,0,1
1,0.048199878,0,0,0,1
1,0.047775294,0,0,0,1
1,0.060306476,0,0,0,1
1,0.064623556,0,0,0,1
1,0.061042012,0,0,0,1
1,0.059962072,0,0,0,1
1,0.063295294,0,0,0,1
1,0.067137733,0,0,0,1
1,0.063311383,0,0,0,1
1,0.057016195,0,0,0,1
1,0.057138097,0,0,0,1
1,0.059126788,0,0,0,1
1,0.06211335,0,0,0,1
1,0.059179933,0,0,0,1
1,0.065627849,0,0,0,1
1,0.043753478,0,0,0,1
1,0.049138309,0,0,0,1
1,0.056036665,0,0,0,1
1,0.041122394,0,0,0,1
1,0.093999865,0,0,0,1
1,0.096247169,0,0,0,1
1,0.086371489,0,0,0,1
1,0.0495579,0,0,0,1
1,0.045940427,0,0,0,1
1,0.045286735,0,0,0,1
1,0.036692496,0,0,0,1
1,0.069991875,0,0,0,1
1,0.062468063,0,0,0,1
1,0.055301275,0,0,0,1
1,0.068812654,0,0,0,1
1,0.043033413,0,0,0,1
1,0.056390511,0,0,0,1
1,0.06805568,0,0,0,1
1,0.039622636,0,0,0,1
1,0.042609876,0,0,0,1
1,0.038869917,0,0,0,1
1,0.044434492,0,0,0,1
1,0.037094496,0,0,0,1
1,0.025912575,0,0,0,1
1,0.028216767,0,0,0,1
1,0.029415447,0,0,0,1
1,0.031020446,0,0,0,1
1,0.025327954,0,0,0,1
1,0.131727996,0,0,0,0
1,0.131749662,0,0,0,0
1,0.13180139,0,0,0,0
1,0.123699592,0,0,0,0
1,0.127373416,0,0,0,0
1,0.13112988,0,0,0,0
1,0.120768143,0,0,0,0
1,0.113448087,0,0,0,0
1,0.116731659,0,0,0,0
1,0.12009922,0,0,0,0
1,0.111185694,0,0,0,0
1,0.109778953,0,0,0,0
1,0.110332612,0,0,0,0
1,0.110880977,0,0,0,0
1,0.108819948,0,0,0,0
1,0.106580619,0,0,0,0
1,0.106972396,0,0,0,0
1,0.107416838,0,0,0,0
1,0.104946786,0,0,0,0
1,0.103923815,0,0,0,0
1,0.103761331,0,0,0,0
1,0.103588303,0,0,0,0
1,0.101434369,0,0,0,0
1,0.107616088,0,0,0,0
1,0.102740949,0,0,0,0
1,0.106140099,0,0,0,0
1,0.116149313,0,0,0,0
1,0.101969848,0,0,0,0
1,0.104190981,0,0,0,0
1,0.114906488,0,0,0,0
1,0.097041857,0,0,0,0
1,0.096978082,0,0,0,0
1,0.096808448,0,0,0,0
1,0.096772091,0,0,0,0
1,0.097189115,0,0,0,0
1,0.097904129,0,0,0,0
1,0.097593724,0,0,0,0
1,0.097082875,0,0,0,0
1,0.097076308,0,0,0,0
1,0.108338259,0,0,0,0
1,0.103809365,0,0,0,0
1,0.096588649,0,0,0,0
1,0.101917143,0,0,0,0
1,0.110517094,0,0,0,0
1,0.111072609,0,0,0,0
1,0.105877126,0,0,0,0
1,0.109909085,0,0,0,0
1,0.121031181,0,0,0,0
1,0.104101043,0,0,0,0
1,0.114890825,0,0,0,0
1,0.13361727,0,0,0,0
1,0.131671792,0,0,0,0
1,0.116790125,0,0,0,0
1,0.132060154,0,0,0,0
1,0.138001381,0,0,0,0
1,0.104208946,0,0,0,0
1,0.084435402,0,0,0,0
1,0.093225314,0,0,0,0
1,0.102266783,0,0,0,0
1,0.078513643,0,0,0,0
1,0.080395603,0,0,0,0
1,0.074196199,0,0,0,0
1,0.082655524,0,0,0,0
1,0.081343061,0,0,0,0
1,0.080077298,0,0,0,0
1,0.080232487,0,0,0,0
1,0.098078807,0,0,0,0
1,0.09114884,0,0,0,0
1,0.084783857,0,0,0,0
1,0.104855502,0,0,0,0
1,0.119146735,0,0,0,0
1,0.107448194,0,0,0,0
1,0.103357395,0,0,0,0
1,0.120909934,0,0,0,0
1,0.106580641,0,0,0,0
1,0.113927024,0,0,0,0
1,0.120143215,0,0,0,0
1,0.102215515,0,0,0,0
1,0.103901199,0,0,0,0
1,0.103400205,0,0,0,0
1,0.102937686,0,0,0,0
1,0.103079373,0,0,0,0
1,0.106297405,0,0,0,0
1,0.105543828,0,0,0,0
1,0.104797399,0,0,0,0
1,0.104367256,0,0,0,0
1,0.106466923,0,0,0,0
1,0.106429712,0,0,0,0
1,0.106361767,0,0,0,0
1,0.188896845,0,0,0,0
1,0.187387105,0,0,0,0
1,0.189342112,0,0,0,0
1,0.182024477,0,0,0,0
1,0.111142241,0,0,0,0
1,0.130477882,0,0,0,0
1,0.167908116,0,0,0,0
1,0.116718284,0,0,0,0
1,0.113789725,0,0,0,0
1,0.115330393,0,0,0,0
1,0.112068074,0,0,0,0
1,0.112342104,0,0,0,0
1,0.112791255,0,0,0,0
1,0.110246402,0,0,0,0
1,0.108552741,0,0,0,0
1,0.106596517,0,0,0,0
1,0.107452318,0,0,0,0
1,0.117135566,0,0,0,0
1,0.028996189,0,0,0,0
1,0.049703011,0,0,0,0
1,0.086331129,0,0,0,0
1,0.029314241,0,0,0,0
1,0.029312892,0,0,0,0
1,0.030643982,0,0,0,0
1,0.030061051,0,0,0,0
1,0.029365292,0,0,0,0
1,0.030966649,0,0,0,0
1,0.029589174,0,0,0,0
1,0.030150867,0,0,0,0
1,0.030727349,0,0,0,0
1,0.029428049,0,0,0,0
1,0.104294662,0,0,0,0
1,0.071688876,0,0,0,0
1,0.042547805,0,0,0,0
1,0.114036316,0,0,0,0
1,0.112737974,0,0,0,0
1,0.125372068,0,0,0,0
1,0.119279119,0,0,0,0
1,0.114359227,0,0,0,0
1,0.115333255,0,0,0,0
1,0.115170987,0,0,0,0
1,0.122176,0,0,0,0
1,0.100787614,0,0,0,0
1,0.104037857,0,0,0,0
1,0.094584642,0,0,0,0
1,0.09946107,0,0,0,0
1,0.104440331,0,0,0,0
1,0.090144426,0,0,0,0
1,0.091475469,0,0,0,0
1,0.092217946,0,0,0,0
1,0.090113698,0,0,0,0
1,0.090947545,0,0,0,0
1,0.091827172,0,0,0,0
1,0.09063256,0,0,0,0
1,0.090770464,0,0,0,0
1,0.090777513,0,0,0,0
1,0.087904526,0,0,0,0
1,0.083263486,0,0,0,0
1,0.071175858,0,0,0,0
1,0.075986169,0,0,0,0
1,0.080246519,0,0,0,0
1,0.105117417,0,0,0,0
1,0.092436618,0,0,0,0
1,0.083580599,0,0,0,0
1,0.107517345,0,0,0,0
1,0.083155483,0,0,0,0
1,0.099445191,0,0,0,0
1,0.102971307,0,0,0,0
1,0.083998907,0,0,0,0
1,0.086413216,0,0,0,0
1,0.057699404,0,0,0,0
1,0.063526545,0,0,0,0
1,0.080739358,0,0,0,0
1,0.069000494,0,0,0,0
1,0.079244473,0,0,0,0
1,0.077685097,0,0,0,0
1,0.077402592,0,0,0,0
1,0.082226725,0,0,0,0
1,0.035278838,0,0,0,0
1,0.050895771,0,0,0,0
1,0.068557752,0,0,0,0
1,0.026768151,0,0,0,0
1,0.094286005,0,0,0,0
1,0.054951051,0,0,0,0
1,0.037049855,0,0,0,0
1,0.126433701,0,0,0,0
1,0.133576596,0,0,0,0
1,0.131032499,0,0,0,0
1,0.068254845,0,0,0,0
1,0.068771162,0,0,0,0
1,0.163887067,0,0,0,0
1,0.097100328,0,0,0,0
1,0.019000514,0,0,0,0
1,0.174152239,0,0,0,0
1,0.059925638,0,0,0,0
1,0.054902583,0,0,0,0
1,0.127440954,0,0,0,0
1,0.066188652,0,0,0,0
1,0.066950594,0,0,0,0
1,0.066728244,0,0,0,0
1,0.099868066,0,0,0,0
1,0.070019326,0,0,0,0
1,0.069797358,0,0,0,0
1,0.107141753,0,0,0,0
1,0.104023861,0,0,0,0
1,0.105359661,0,0,0,0
1,0.10775177,0,0,0,0
1,0.107216785,0,0,0,0
1,0.097153237,0,0,0,0
1,0.054595246,0,0,0,0
1,0.067316091,0,0,0,0
1,0.080433516,0,0,0,0
1,0.011883869,0,0,0,0
1,0.025925049,0,0,0,0
1,0.03247814,0,0,0,0
1,0.03236189,0,0,0,0
1,0.012929059,0,0,0,0
1,0.123156708,0,0,0,0
1,0.126351705,0,0,0,0
1,0.047694659,0,0,0,0
1,0.061024472,0,0,0,0
1,0.052611194,0,0,0,0
1,0.047367883,0,0,0,0
1,0.081882892,0,0,0,0
1,0.084673841,0,0,0,0
1,0.049083826,0,0,0,0
1,0.05818622,0,0,0,0
1,0.059829771,0,0,0,0
1,0.064271752,0,0,0,0
1,0.0630995,0,0,0,0
1,0.052091319,0,0,0,0
1,0.042832172,0,0,0,0
1,0.080828117,0,0,0,0
1,0.074028478,0,0,0,0
1,0.07426733,0,0,0,0
1,0.074778112,0,0,0,0
1,0.075339058,0,0,0,0
1,0.075184368,0,0,0,0
1,0.073382789,0,0,0,0
1,0.07170417,0,0,0,0
1,0.079354266,0,0,0,0
1,0.0838277,0,0,0,0
1,0.080904889,0,0,0,0
1,0.078028797,0,0,0,0
1,0.08285796,0,0,0,0
1,0.083606563,0,0,0,0
1,0.059553203,0,0,0,0
1,0.068278955,0,0,0,0
1,0.075605053,0,0,0,0
1,0.107617864,0,0,0,0
1,0.058836351,0,0,0,0
1,0.13789372,0,0,0,0
1,0.139357643,0,0,0,0
1,0.043792887,0,0,0,0
1,0.092217222,0,0,0,0
1,0.071310221,0,0,0,0
1,0.032279943,0,0,0,0
1,0.106439239,0,0,0,0
1,0.107836588,0,0,0,0
1,0.072719446,0,0,0,0
1,0.08133393,0,0,0,0
1,0.093597377,0,0,0,0
1,0.07670496,0,0,0,0
1,0.097056102,0,0,0,0
1,0.088615875,0,0,0,0
1,0.074835489,0,0,0,0
1,0.123127801,0,0,0,0
1,0.109703427,0,0,0,0
1,0.096857945,0,0,0,0
1,0.150179862,0,0,0,0
1,0.127672132,0,0,0,0
1,0.138478222,0,0,0,0
1,0.129593087,0,0,0,0
1,0.119438674,0,0,0,0
1,0.118659924,0,0,0,0
1,0.119146451,0,0,0,0
1,0.117308878,0,0,0,0
1,0.117308878,0,0,0,0
1,0.119671841,0,0,0,0
1,0.131171312,0,0,0,0
1,0.12660799,0,0,0,0
1,0.126121871,0,0,0,0
1,0.121684261,0,0,0,0
1,0.146249467,0,0,0,0
1,0.143053272,0,0,0,0
1,0.139108245,0,0,0,0
1,0.129391615,0,0,0,0
1,0.143110204,0,0,0,0
1,0.114379568,0,0,0,0
1,0.129284339,0,0,0,0
1,0.090187892,0,0,0,0
1,0.087592975,0,0,0,0
1,0.093828762,0,0,0,0
1,0.163576672,0,0,0,0
1,0.152561809,0,0,0,0
1,0.155323265,0,0,0,0
1,0.158045832,0,0,0,0
1,0.152148005,0,0,0,0
1,0.090300178,0,0,0,0
1,0.144688478,0,0,0,0
1,0.149926782,0,0,0,0
1,0.030513079,0,0,0,0
1,0.044262182,0,0,0,0
1,0.037123374,0,0,0,0
1,0.140216394,0,0,0,0
1,0.138042086,0,0,0,0
1,0.102294856,0,0,0,0
1,0.142323577,0,0,0,0
1,0.130791384,0,0,0,0
1,0.135836465,0,0,0,0
1,0.141180688,0,0,0,0
1,0.130170494,0,0,0,0
1,0.036368225,0,0,0,0
1,0.039089219,0,0,0,0
1,0.041829983,0,0,0,0
1,0.127144993,0,0,0,0
1,0.098082841,0,0,0,0
1,0.127137498,0,0,0,0
1,0.343912114,0,0,0,0
1,0.051490033,0,0,0,0
1,0.200154605,0,0,0,0
1,0.274916433,0,0,0,0
1,0.117995681,0,0,0,0
1,0.476369795,0,0,0,0
1,0.061219775,0,0,0,0
1,0.262543419,0,0,0,0
1,0.476436806,0,0,0,0
1,0.025439111,0,0,0,0
1,0.093946383,0,0,0,0
1,0.063460974,0,0,0,0
1,0.041324876,0,0,0,0
1,0.122535235,0,0,0,0
1,0.134783844,0,0,0,0
1,0.135594163,0,0,0,0
1,0.135598289,0,0,0,0
1,0.134158732,0,0,0,0
1,0.134918505,0,0,0,0
1,0.136167442,0,0,0,0
1,0.137310969,0,0,0,0
1,0.141013124,0,0,0,0
1,0.125388721,0,0,0,0
1,0.131064752,0,0,0,0
1,0.141320044,0,0,0,0
1,0.142216661,0,0,0,0
1,0.131501111,0,0,0,0
1,0.141760075,0,0,0,0
1,0.139707249,0,0,0,0
1,0.170157281,0,0,0,0
1,0.158108934,0,0,0,0
1,0.152382479,0,0,0,0
1,0.119325425,0,0,0,0
1,0.142913629,0,0,0,0
1,0.155594486,0,0,0,0
1,0.134964646,0,0,0,0
1,0.119517658,0,0,0,0
1,0.124694499,0,0,0,0
1,0.129983563,0,0,0,0
1,0.115161692,0,0,0,0
1,0.118459878,0,0,0,0
1,0.107858684,0,0,0,0
1,0.112633725,0,0,0,0
1,0.105836365,0,0,0,0
1,0.099425933,0,0,0,0
1,0.092346236,0,0,0,0
1,0.092293817,0,0,0,0
1,0.103523232,0,0,0,0
1,0.107725319,0,0,0,0
1,0.097381989,0,0,0,0
1,0.102441713,0,0,0,0
1,0.077383253,0,0,0,0
1,0.084085301,0,0,0,0
1,0.097363798,0,0,0,0
1,0.078078631,0,0,0,0
1,0.070149587,0,0,0,0
1,0.07455424,0,0,0,0
1,0.077125296,0,0,0,0
1,0.068339854,0,0,0,0
1,0.073648559,0,0,0,0
1,0.071681339,0,0,0,0
1,0.069710479,0,0,0,0
1,0.073511658,0,0,0,0
1,0.073587261,0,0,0,0
1,0.140663228,0,0,0,0
1,0.163954926,0,0,0,0
1,0.202216996,0,0,0,0
1,0.189184724,0,0,0,0
1,0.189110993,0,0,0,0
1,0.188999341,0,0,0,0
1,0.188925777,0,0,0,0
1,0.1895597,0,0,0,0
1,0.189459183,0,0,0,0
1,0.189358297,0,0,0,0
1,0.189304532,0,0,0,0
1,0.189668567,0,0,0,0
1,0.189678502,0,0,0,0
1,0.189641977,0,0,0,0
1,0.189614704,0,0,0,0
1,0.197604045,0,0,0,0
1,0.134555702,0,0,0,0
1,0.136386465,0,0,0,0
1,0.142435509,0,0,0,0
1,0.13546826,0,0,0,0
1,0.08887317,0,0,0,0
1,0.100549769,0,0,0,0
1,0.124188048,0,0,0,0
1,0.092187197,0,0,0,0
1,0.092113987,0,0,0,0
1,0.093115985,0,0,0,0
1,0.092315102,0,0,0,0
1,0.090983931,0,0,0,0
1,0.095339793,0,0,0,0
1,0.098578395,0,0,0,0
1,0.091310097,0,0,0,0
1,0.096496908,0,0,0,0
1,0.094323944,0,0,0,0
1,0.09214714,0,0,0,0
1,0.090028581,0,0,0,0
1,0.172945441,0,0,0,0
1,0.167480994,0,0,0,0
1,0.170397617,0,0,0,0
1,0.173550697,0,0,0,0
1,0.167965285,0,0,0,0
1,0.154861378,0,0,0,0
1,0.159344402,0,0,0,0
1,0.163995076,0,0,0,0
1,0.156859815,0,0,0,0
1,0.122544478,0,0,0,0
1,0.136863102,0,0,0,0
1,0.151448503,0,0,0,0
1,0.119812655,0,0,0,0
1,0.094913167,0,0,0,0
1,0.112272149,0,0,0,0
1,0.114752551,0,0,0,0
1,0.094238095,0,0,0,0
1,0.154185127,0,0,0,0
1,0.107098318,0,0,0,0
1,0.170539791,0,0,0,0
1,0.141877008,0,0,0,0
1,0.14410338,0,0,0,0
1,0.048409467,0,0,0,0
1,0.048367229,0,0,0,0
1,0.046617089,0,0,0,0
1,0.047238551,0,0,0,0
1,0.047925355,0,0,0,0
1,0.046813554,0,0,0,0
1,0.101465702,0,0,0,0
1,0.080175335,0,0,0,0
1,0.059987479,0,0,0,0
1,0.108275739,0,0,0,0
1,0.111767159,0,0,0,0
1,0.110254297,0,0,0,0
1,0.108819948,0,0,0,0
1,0.111758249,0,0,0,0
1,0.097749796,0,0,0,0
1,0.102982767,0,0,0,0
1,0.10834984,0,0,0,0
1,0.097468281,0,0,0,0
1,0.150780532,0,0,0,0
1,0.131798792,0,0,0,0
1,0.114701137,0,0,0,0
1,0.155395925,0,0,0,0
1,0.152630888,0,0,0,0
1,0.152775242,0,0,0,0
1,0.156988839,0,0,0,0
1,0.15615727,0,0,0,0
1,0.156087195,0,0,0,0
1,0.169638897,0,0,0,0
1,0.166346863,0,0,0,0
1,0.167625818,0,0,0,0
1,0.053434451,0,0,0,0
1,0.086075285,0,0,0,0
1,0.061303899,0,0,0,0
1,0.063543697,0,0,0,0
1,0.100268979,0,0,0,0
1,0.10600277,0,0,0,0
1,0.102317563,0,0,0,0
1,0.102846696,0,0,0,0
1,0.111132131,0,0,0,0
1,0.027292208,0,0,0,0
1,0.115972085,0,0,0,0
1,0.017873207,0,0,0,0
1,0.017196098,0,0,0,0
1,0.017331249,0,0,0,0
1,0.019687856,0,0,0,0
1,0.019251764,0,0,0,0
1,0.018833133,0,0,0,0
1,0.018377938,0,0,0,0
1,0.040111164,0,0,0,0
1,0.034046986,0,0,0,0
1,0.028020581,0,0,0,0
1,0.112373685,0,0,0,0
1,0.115732695,0,0,0,0
1,0.113346097,0,0,0,0
1,0.105185769,0,0,0,0
1,0.090146144,0,0,0,0
1,0.10910368,0,0,0,0
1,0.110078607,0,0,0,0
1,0.096553789,0,0,0,0
1,0.08859929,0,0,0,0
1,0.098222312,0,0,0,0
1,0.101175756,0,0,0,0
1,0.089488257,0,0,0,0
1,0.084884741,0,0,0,0
1,0.09063453,0,0,0,0
1,0.091789335,0,0,0,0
1,0.087509824,0,0,0,0
1,0.086221764,0,0,0,0
1,0.089081285,0,0,0,0
1,0.089356445,0,0,0,0
1,0.087143175,0,0,0,0
1,0.087922155,0,0,0,0
1,0.103811902,0,0,0,0
1,0.099027234,0,0,0,0
1,0.098384499,0,0,0,0
1,0.091598555,0,0,0,0
1,0.090091052,0,0,0,0
1,0.082224663,0,0,0,0
1,0.04220869,0,0,0,0
1,0.098686781,0,0,0,0
1,0.092783094,0,0,0,0
1,0.075535945,0,0,0,0
1,0.006471651,0,0,0,0
1,0.099687577,0,0,0,0
1,0.132640611,0,0,0,0
1,0.115250727,0,0,0,0
1,0.10470593,0,0,0,0
1,0.10387208,0,0,0,0
1,0.105705186,0,0,0,0
1,0.072291491,0,0,0,0
1,0.089207066,0,0,0,0
1,0.098790678,0,0,0,0
1,0.069125153,0,0,0,0
1,0.065487351,0,0,0,0
1,0.068078615,0,0,0,0
1,0.065488749,0,0,0,0
1,0.063931115,0,0,0,0
1,0.056281052,0,0,0,0
1,0.07483638,0,0,0,0
1,0.070109563,0,0,0,0
1,0.064203544,0,0,0,0
1,0.066798512,0,0,0,0
1,0.069451807,0,0,0,0
1,0.065486937,0,0,0,0
1,0.066813317,0,0,0,0
1,0.067174597,0,0,0,0
1,0.067552237,0,0,0,0
1,0.063113365,0,0,0,0
1,0.059442626,0,0,0,0
1,0.059999576,0,0,0,0
1,0.060597759,0,0,0,0
1,0.059218773,0,0,0,0
1,0.05897157,0,0,0,0
1,0.059086453,0,0,0,0
1,0.059219766,0,0,0,0
1,0.058931283,0,0,0,0
1,0.062579092,0,0,0,0
1,0.061028418,0,0,0,0
1,0.059497237,0,0,0,0
1,0.062222051,0,0,0,0
1,0.059217399,0,0,0,0
1,0.059437587,0,0,0,0
1,0.059722659,0,0,0,0
1,0.059090662,0,0,0,0
1,0.057698875,0,0,0,0
1,0.058282502,0,0,0,0
1,0.058922074,0,0,0,0
1,0.057447375,0,0,0,0
1,0.058441949,0,0,0,0
1,0.058083065,0,0,0,0
1,0.057692096,0,0,0,0
1,0.058226791,0,0,0,0
1,0.060203311,0,0,0,0
1,0.058157324,0,0,0,0
1,0.05826873,0,0,0,0
1,0.061474009,0,0,0,0
1,0.057458748,0,0,0,0
1,0.057814077,0,0,0,0
1,0.057200521,0,0,0,0
1,0.026972232,0,0,0,0
1,0.059927996,0,0,0,0
1,0.058064475,0,0,0,0
1,0.025503861,0,0,0,0
1,0.017377887,0,0,0,0
1,0.020216352,0,0,0,0
1,0.023711406,0,0,0,0
1,0.016206965,0,0,0,0
1,0.022894745,0,0,0,0
1,0.014928232,0,0,0,0
1,0.013889834,0,0,0,0
1,0.026491507,0,0,0,0
1,0.025048266,0,0,0,0
1,0.025215636,0,0,0,0
1,0.025683625,0,0,0,0
1,0.024029642,0,0,0,0
1,0.021969321,0,0,0,0
1,0.022179639,0,0,0,0
1,0.023244803,0,0,0,0
1,0.02187077,0,0,0,0
1,0.019553095,0,0,0,0
1,0.022730826,0,0,0,0
1,0.024003095,0,0,0,0
1,0.017587192,0,0,0,0
1,0.047797932,0,0,0,0
1,0.043681801,0,0,0,0
1,0.021527618,0,0,0,0
1,0.053111,0,0,0,0
1,0.057089407,0,0,0,0
1,0.055425806,0,0,0,0
1,0.053806421,0,0,0,0
1,0.057053536,0,0,0,0
1,0.054547644,0,0,0,0
1,0.055307182,0,0,0,0
1,0.146553266,0,0,0,0
1,0.146028988,0,0,0,0
1,0.140726444,0,0,0,0
1,0.143152789,0,0,0,0
1,0.146254429,0,0,0,0
1,0.137240521,0,0,0,0
1,0.081956731,0,0,0,0
1,0.085379325,0,0,0,0
1,0.11604994,0,0,0,0
1,0.086272015,0,0,0,0
1,0.053008332,0,0,0,0
1,0.063914651,0,0,0,0
1,0.077446042,0,0,0,0
1,0.066333646,0,0,0,0
1,0.065999198,0,0,0,0
1,0.065710872,0,0,0,0
1,0.065709048,0,0,0,0
1,0.046898692,0,0,0,0
1,0.046414532,0,0,0,0
1,0.047180484,0,0,0,0
1,0.041208894,0,0,0,0
1,0.046964305,0,0,0,0
1,0.045956861,0,0,0,0
1,0.040000622,0,0,0,0
1,0.035220665,0,0,0,0
1,0.03722081,0,0,0,0
1,0.039877274,0,0,0,0
1,0.034593062,0,0,0,0
1,0.036457479,0,0,0,0
1,0.035067751,0,0,0,0
1,0.03835097,0,0,0,0
1,0.036754829,0,0,0,0
1,0.033711991,0,0,0,0
1,0.039337482,0,0,0,0
1,0.026139866,0,0,0,0
1,0.040872305,0,0,0,0
1,0.041426237,0,0,0,0
1,0.042081552,0,0,0,0
1,0.041200554,0,0,0,0
1,0.047305579,0,0,0,0
1,0.044154531,0,0,0,0
1,0.042038308,0,0,0,0
1,0.045732772,0,0,0,0
1,0.046698301,0,0,0,0
1,0.045902395,0,0,0,0
1,0.045171791,0,0,0,0
1,0.046682443,0,0,0,0
1,0.044425002,0,0,0,0
1,0.0453641,0,0,0,0
1,0.046299433,0,0,0,0
1,0.044969662,0,0,0,0
1,0.049886555,0,0,0,0
1,0.068763715,0,0,0,0
1,0.054736358,0,0,0,0
1,0.046773524,0,0,0,0
1,0.040132577,0,0,0,0
1,0.044214526,0,0,0,0
1,0.046115218,0,0,0,0
1,0.03840761,0,0,0,0
1,0.039344838,0,0,0,0
1,0.038854268,0,0,0,0
1,0.038638168,0,0,0,0
1,0.039977498,0,0,0,0
1,0.041121267,0,0,0,0
1,0.040628747,0,0,0,0
1,0.041427111,0,0,0,0
1,0.041403883,0,0,0,0
1,0.041390776,0,0,0,0
1,0.04190507,0,0,0,0
1,0.041539,0,0,0,0
1,0.04211654,0,0,0,0
1,0.042734066,0,0,0,0
1,0.041465922,0,0,0,0
1,0.041719307,0,0,0,0
1,0.041422008,0,0,0,0
1,0.041105952,0,0,0,0
1,0.041639189,0,0,0,0
1,0.057339007,0,0,0,0
1,0.047275915,0,0,0,0
1,0.060363377,0,0,0,0
1,0.053737236,0,0,0,0
1,0.050510223,0,0,0,0
1,0.054646406,0,0,0,0
1,0.056464013,0,0,0,0
1,0.05824067,0,0,0,0
1,0.057392606,0,0,0,0
1,0.056895424,0,0,0,0
1,0.060972879,0,0,0,0
1,0.047241637,0,0,0,0
1,0.0477252,0,0,0,0
1,0.047915895,0,0,0,0
1,0.051869323,0,0,0,0
1,0.049219634,0,0,0,0
1,0.047231467,0,0,0,0
1,0.051599732,0,0,0,0
1,0.055571095,0,0,0,0
1,0.053066199,0,0,0,0
1,0.052039124,0,0,0,0
1,0.053388037,0,0,0,0
1,0.041947132,0,0,0,0
1,0.045954721,0,0,0,0
1,0.050019301,0,0,0,0
1,0.042203628,0,0,0,0
1,0.039967091,0,0,0,0
1,0.041060854,0,0,0,0
1,0.034156509,0,0,0,0
1,0.039149035,0,0,0,0
1,0.039401684,0,0,0,0
1,0.040514092,0,0,0,0
1,0.032670983,0,0,0,0
1,0.036252569,0,0,0,0
1,0.038920342,0,0,0,0
1,0.031982448,0,0,0,0
1,0.028858869,0,0,0,0
1,0.029802387,0,0,0,0
1,0.030946199,0,0,0,0
1,0.029008778,0,0,0,0
1,0.02957729,0,0,0,0
1,0.029021402,0,0,0,0
1,0.028859849,0,0,0,0
1,0.029185469,0,0,0,0
1,0.031220918,0,0,0,0
1,0.030616562,0,0,0,0
1,0.029592307,0,0,0,0
1,0.032112818,0,0,0,0
1,0.033909652,0,0,0,0
1,0.032119858,0,0,0,0
1,0.031815075,0,0,0,0
1,0.030822265,0,0,0,0
1,0.031715681,0,0,0,0
1,0.03103939,0,0,0,0
1,0.030693669,0,0,0,0
1,0.031725125,0,0,0,0
1,0.042515751,0,0,0,0
1,0.039543415,0,0,0,0
1,0.037235415,0,0,0,0
1,0.047131317,0,0,0,0
1,0.068119749,0,0,0,0
1,0.0609858,0,0,0,0
1,0.051889195,0,0,0,0
1,0.058089954,0,0,0,0
1,0.024814805,0,0,0,0
1,0.042167908,0,0,0,0
1,0.052343264,0,0,0,0
1,0.02930321,0,0,0,0
1,0.036431082,0,0,0,0
1,0.033296587,0,0,0,0
1,0.030334768,0,0,0,0
1,0.035126435,0,0,0,0
1,0.035799912,0,0,0,0
1,0.034628108,0,0,0,0
1,0.033540239,0,0,0,0
1,0.032123764,0,0,0,0
1,0.039962509,0,0,0,0
1,0.035298379,0,0,0,0
1,0.030950692,0,0,0,0
1,0.041349543,0,0,0,0
1,0.072413061,0,0,0,0
1,0.055630706,0,0,0,0
1,0.015482466,0,0,0,0
1,0.082532564,0,0,0,0
1,0.054628054,0,0,0,0
1,0.063178134,0,0,0,0
1,0.082203296,0,0,0,0
1,0.053044083,0,0,0,0
1,0.03895312,0,0,0,0
1,0.044990547,0,0,0,0
1,0.051362915,0,0,0,0
1,0.037520065,0,0,0,0
1,0.037353506,0,0,0,0
1,0.037246009,0,0,0,0
1,0.037139236,0,0,0,0
1,0.037534644,0,0,0,0
1,0.036903877,0,0,0,0
1,0.025534736,0,0,0,0
1,0.025688246,0,0,0,0
1,0.013047686,0,0,0,0
1,0.015769809,0,0,0,0
1,0.020780668,0,0,0,0
1,0.023034003,0,0,0,0
1,0.048586519,0,0,0,0
1,0.044659122,0,0,0,0
1,0.035605506,0,0,0,0
1,0.051618744,0,0,0,0
1,0.048807025,0,0,0,0
1,0.050789271,0,0,0,0
1,0.052225777,0,0,0,0
1,0.04897027,0,0,0,0
1,0.032862695,0,0,0,0
1,0.043180293,0,0,0,0
1,0.049945617,0,0,0,0
1,0.03000915,0,0,0,0
1,0.031876236,0,0,0,0
1,0.03101651,0,0,0,0
1,0.030137554,0,0,0,0
1,0.032570696,0,0,0,0
1,0.038626785,0,0,0,0
1,0.036158495,0,0,0,0
1,0.033716383,0,0,0,0
1,0.040679909,0,0,0,0
1,0.045407637,0,0,0,0
1,0.046694379,0,0,0,0
1,0.039264768,0,0,0,0
1,0.039622237,0,0,0,0
1,0.043616694,0,0,0,0
1,0.04423362,0,0,0,0
1,0.064976987,0,0,0,0
1,0.020284678,0,0,0,0
1,0.01797833,0,0,0,0
1,0.046310419,0,0,0,0
1,0.019972597,0,0,0,0
1,0.020933995,0,0,0,0
1,0.020468252,0,0,0,0
1,0.019989456,0,0,0,0
1,0.020248981,0,0,0,0
1,0.020978928,0,0,0,0
1,0.02013045,0,0,0,0
1,0.0217875,0,0,0,0
1,0.017106726,0,0,0,0
1,0.01751086,0,0,0,0
1,0.021869685,0,0,0,0
1,0.061586151,0,0,0,0
1,0.018146993,0,0,0,0
1,0.020821753,0,0,0,0
1,0.078324963,0,0,0,0
1,0.082817676,0,0,0,0
1,0.079196671,0,0,0,0
1,0.072714782,0,0,0,0
1,0.082791273,0,0,0,0
1,0.093025328,0,0,0,0
1,0.068626739,0,0,0,0
1,0.059592748,0,0,0,0
1,0.063108421,0,0,0,0
1,0.050623987,0,0,0,0
1,0.051474026,0,0,0,0
1,0.051255753,0,0,0,0
1,0.050824803,0,0,0,0
1,0.050314442,0,0,0,0
1,0.056612768,0,0,0,0
1,0.056023087,0,0,0,0
1,0.052934794,0,0,0,0
1,0.056113793,0,0,0,0
1,0.057770713,0,0,0,0
1,0.058057311,0,0,0,0
1,0.056510661,0,0,0,0
1,0.057608054,0,0,0,0
1,0.056035716,0,0,0,0
1,0.056619038,0,0,0,0
1,0.057325757,0,0,0,0
1,0.057467502,0,0,0,0
1,0.059706568,0,0,0,0
1,0.060405929,0,0,0,0
1,0.060405161,0,0,0,0
1,0.059361596,0,0,0,0
1,0.057781552,0,0,0,0
1,0.056465915,0,0,0,0
1,0.053217039,0,0,0,0
1,0.060970506,0,0,0,0
1,0.058633399,0,0,0,0
1,0.056469859,0,0,0,0
1,0.092942951,0,0,0,0
1,0.073292849,0,0,0,0
